cycle,bin,power_hex,power_unsigned
272967,0,00000000,0
272968,1,00000000,0
272969,2,00000000,0
272970,3,00000000,0
272971,4,00000000,0
272972,5,00000000,0
272973,6,00000000,0
272974,7,00000000,0
272975,8,00000000,0
272976,9,00000000,0
272977,10,00000000,0
272978,11,00000000,0
272979,12,00000000,0
272980,13,00000000,0
272981,14,00000000,0
272982,15,00000000,0
272983,16,00000000,0
272984,17,00000000,0
272985,18,00000000,0
272986,19,00000000,0
272987,20,00000000,0
272988,21,00000000,0
272989,22,00000000,0
272990,23,00000000,0
272991,24,00000000,0
272992,25,00000000,0
272993,26,00000000,0
272994,27,00000000,0
272995,28,00000000,0
272996,29,00000000,0
272997,30,00000000,0
272998,31,00000000,0
272999,32,00000000,0
273000,33,00000000,0
273001,34,00000000,0
273002,35,00000000,0
273003,36,00000000,0
273004,37,00000000,0
273005,38,00000000,0
273006,39,00000000,0
273007,40,00000000,0
273008,41,00000000,0
273009,42,00000000,0
273010,43,00000000,0
273011,44,00000000,0
273012,45,00000000,0
273013,46,00000000,0
273014,47,00000000,0
273015,48,00000000,0
273016,49,00000059,89
273017,50,00000272,626
273018,51,00000105,261
273019,52,00000001,1
273020,53,00000000,0
273021,54,00000000,0
273022,55,00000000,0
273023,56,00000000,0
273024,57,00000000,0
273025,58,00000000,0
273026,59,00000000,0
273027,60,00000000,0
273028,61,00000000,0
273029,62,00000000,0
273030,63,00000000,0
273031,64,00000000,0
273032,65,00000000,0
273033,66,00000000,0
273034,67,00000000,0
273035,68,00000000,0
273036,69,00000000,0
273037,70,00000000,0
273038,71,00000000,0
273039,72,00000000,0
273040,73,00000000,0
273041,74,00000000,0
273042,75,00000000,0
273043,76,00000000,0
273044,77,00000000,0
273045,78,00000000,0
273046,79,00000000,0
273047,80,00000000,0
273048,81,00000000,0
273049,82,00000000,0
273050,83,00000000,0
273051,84,00000000,0
273052,85,00000000,0
273053,86,00000000,0
273054,87,00000000,0
273055,88,00000000,0
273056,89,00000000,0
273057,90,00000000,0
273058,91,00000000,0
273059,92,00000000,0
273060,93,00000000,0
273061,94,00000000,0
273062,95,00000000,0
273063,96,00000000,0
273064,97,00000000,0
273065,98,00000000,0
273066,99,0000002a,42
273067,100,0000022a,554
273068,101,00000175,373
273069,102,00000006,6
273070,103,00000000,0
273071,104,00000000,0
273072,105,00000000,0
273073,106,00000000,0
273074,107,00000000,0
273075,108,00000000,0
273076,109,00000000,0
273077,110,00000000,0
273078,111,00000000,0
273079,112,00000000,0
273080,113,00000000,0
273081,114,00000000,0
273082,115,00000000,0
273083,116,00000000,0
273084,117,00000000,0
273085,118,00000000,0
273086,119,00000000,0
273087,120,00000000,0
273088,121,00000000,0
273089,122,00000000,0
273090,123,00000000,0
273091,124,00000000,0
273092,125,00000000,0
273093,126,00000000,0
273094,127,00000000,0
273095,128,00000000,0
273096,129,00000000,0
273097,130,00000000,0
273098,131,00000000,0
273099,132,00000000,0
273100,133,00000000,0
273101,134,00000000,0
273102,135,00000000,0
273103,136,00000000,0
273104,137,00000000,0
273105,138,00000000,0
273106,139,00000000,0
273107,140,00000000,0
273108,141,00000000,0
273109,142,00000000,0
273110,143,00000000,0
273111,144,00000000,0
273112,145,00000000,0
273113,146,00000000,0
273114,147,00000000,0
273115,148,00000000,0
273116,149,00000000,0
273117,150,00000000,0
273118,151,00000000,0
273119,152,00000000,0
273120,153,00000000,0
273121,154,00000000,0
273122,155,00000000,0
273123,156,00000000,0
273124,157,00000000,0
273125,158,00000000,0
273126,159,00000000,0
273127,160,00000000,0
273128,161,00000000,0
273129,162,00000000,0
273130,163,00000000,0
273131,164,00000000,0
273132,165,00000000,0
273133,166,00000000,0
273134,167,00000000,0
273135,168,00000000,0
273136,169,00000000,0
273137,170,00000000,0
273138,171,00000000,0
273139,172,00000000,0
273140,173,00000000,0
273141,174,00000000,0
273142,175,00000000,0
273143,176,00000000,0
273144,177,00000000,0
273145,178,00000000,0
273146,179,00000000,0
273147,180,00000000,0
273148,181,00000000,0
273149,182,00000000,0
273150,183,00000000,0
273151,184,00000000,0
273152,185,00000000,0
273153,186,00000000,0
273154,187,00000000,0
273155,188,00000000,0
273156,189,00000000,0
273157,190,00000000,0
273158,191,00000000,0
273159,192,00000000,0
273160,193,00000000,0
273161,194,00000000,0
273162,195,00000000,0
273163,196,00000000,0
273164,197,00000000,0
273165,198,00000000,0
273166,199,00000000,0
273167,200,00000000,0
273168,201,00000000,0
273169,202,00000000,0
273170,203,00000000,0
273171,204,00000000,0
273172,205,00000000,0
273173,206,00000000,0
273174,207,00000000,0
273175,208,00000000,0
273176,209,00000000,0
273177,210,00000000,0
273178,211,00000000,0
273179,212,00000000,0
273180,213,00000000,0
273181,214,00000000,0
273182,215,00000000,0
273183,216,00000000,0
273184,217,00000000,0
273185,218,00000000,0
273186,219,00000000,0
273187,220,00000000,0
273188,221,00000000,0
273189,222,00000000,0
273190,223,00000000,0
273191,224,00000000,0
273192,225,00000000,0
273193,226,00000000,0
273194,227,00000000,0
273195,228,00000000,0
273196,229,00000000,0
273197,230,00000000,0
273198,231,00000000,0
273199,232,00000000,0
273200,233,00000000,0
273201,234,00000000,0
273202,235,00000000,0
273203,236,00000000,0
273204,237,00000000,0
273205,238,00000000,0
273206,239,00000000,0
273207,240,00000000,0
273208,241,00000000,0
273209,242,00000000,0
273210,243,00000000,0
273211,244,00000000,0
273212,245,00000000,0
273213,246,00000000,0
273214,247,00000000,0
273215,248,00000000,0
273216,249,00000000,0
273217,250,00000000,0
273218,251,00000000,0
273219,252,00000000,0
273220,253,00000000,0
273221,254,00000000,0
273222,255,00000000,0
273223,256,00000000,0
273224,257,00000000,0
273225,258,00000000,0
273226,259,00000000,0
273227,260,00000000,0
273228,261,00000000,0
273229,262,00000000,0
273230,263,00000000,0
273231,264,00000000,0
273232,265,00000000,0
273233,266,00000000,0
273234,267,00000000,0
273235,268,00000000,0
273236,269,00000000,0
273237,270,00000000,0
273238,271,00000000,0
273239,272,00000000,0
273240,273,00000000,0
273241,274,00000000,0
273242,275,00000000,0
273243,276,00000000,0
273244,277,00000000,0
273245,278,00000000,0
273246,279,00000000,0
273247,280,00000000,0
273248,281,00000000,0
273249,282,00000000,0
273250,283,00000000,0
273251,284,00000000,0
273252,285,00000000,0
273253,286,00000000,0
273254,287,00000000,0
273255,288,00000000,0
273256,289,00000000,0
273257,290,00000000,0
273258,291,00000000,0
273259,292,00000000,0
273260,293,00000000,0
273261,294,00000000,0
273262,295,00000000,0
273263,296,00000000,0
273264,297,00000000,0
273265,298,00000000,0
273266,299,00000000,0
273267,300,00000000,0
273268,301,00000000,0
273269,302,00000000,0
273270,303,00000000,0
273271,304,00000000,0
273272,305,00000000,0
273273,306,00000000,0
273274,307,00000000,0
273275,308,00000000,0
273276,309,00000000,0
273277,310,00000000,0
273278,311,00000000,0
273279,312,00000000,0
273280,313,00000000,0
273281,314,00000000,0
273282,315,00000000,0
273283,316,00000000,0
273284,317,00000000,0
273285,318,00000000,0
273286,319,00000000,0
273287,320,00000000,0
273288,321,00000000,0
273289,322,00000000,0
273290,323,00000000,0
273291,324,00000000,0
273292,325,00000000,0
273293,326,00000000,0
273294,327,00000000,0
273295,328,00000000,0
273296,329,00000000,0
273297,330,00000000,0
273298,331,00000000,0
273299,332,00000000,0
273300,333,00000000,0
273301,334,00000000,0
273302,335,00000000,0
273303,336,00000000,0
273304,337,00000000,0
273305,338,00000000,0
273306,339,00000000,0
273307,340,00000000,0
273308,341,00000000,0
273309,342,00000000,0
273310,343,00000000,0
273311,344,00000000,0
273312,345,00000000,0
273313,346,00000000,0
273314,347,00000000,0
273315,348,00000000,0
273316,349,00000000,0
273317,350,00000000,0
273318,351,00000000,0
273319,352,00000000,0
273320,353,00000000,0
273321,354,00000000,0
273322,355,00000000,0
273323,356,00000000,0
273324,357,00000000,0
273325,358,00000000,0
273326,359,00000000,0
273327,360,00000000,0
273328,361,00000000,0
273329,362,00000000,0
273330,363,00000000,0
273331,364,00000000,0
273332,365,00000000,0
273333,366,00000000,0
273334,367,00000000,0
273335,368,00000000,0
273336,369,00000000,0
273337,370,00000000,0
273338,371,00000000,0
273339,372,00000000,0
273340,373,00000000,0
273341,374,00000000,0
273342,375,00000000,0
273343,376,00000000,0
273344,377,00000000,0
273345,378,00000000,0
273346,379,00000000,0
273347,380,00000000,0
273348,381,00000000,0
273349,382,00000000,0
273350,383,00000000,0
273351,384,00000000,0
273352,385,00000000,0
273353,386,00000000,0
273354,387,00000000,0
273355,388,00000000,0
273356,389,00000000,0
273357,390,00000000,0
273358,391,00000000,0
273359,392,00000000,0
273360,393,00000000,0
273361,394,00000000,0
273362,395,00000000,0
273363,396,00000000,0
273364,397,00000000,0
273365,398,00000000,0
273366,399,00000000,0
273367,400,00000000,0
273368,401,00000000,0
273369,402,00000000,0
273370,403,00000000,0
273371,404,00000000,0
273372,405,00000000,0
273373,406,00000000,0
273374,407,00000000,0
273375,408,00000000,0
273376,409,00000000,0
273377,410,00000000,0
273378,411,00000000,0
273379,412,00000000,0
273380,413,00000000,0
273381,414,00000000,0
273382,415,00000000,0
273383,416,00000000,0
273384,417,00000000,0
273385,418,00000000,0
273386,419,00000000,0
273387,420,00000000,0
273388,421,00000000,0
273389,422,00000000,0
273390,423,00000000,0
273391,424,00000000,0
273392,425,00000000,0
273393,426,00000000,0
273394,427,00000000,0
273395,428,00000000,0
273396,429,00000000,0
273397,430,00000000,0
273398,431,00000000,0
273399,432,00000000,0
273400,433,00000000,0
273401,434,00000000,0
273402,435,00000000,0
273403,436,00000000,0
273404,437,00000000,0
273405,438,00000000,0
273406,439,00000000,0
273407,440,00000000,0
273408,441,00000000,0
273409,442,00000000,0
273410,443,00000000,0
273411,444,00000000,0
273412,445,00000000,0
273413,446,00000000,0
273414,447,00000000,0
273415,448,00000000,0
273416,449,00000000,0
273417,450,00000000,0
273418,451,00000000,0
273419,452,00000000,0
273420,453,00000000,0
273421,454,00000000,0
273422,455,00000000,0
273423,456,00000000,0
273424,457,00000000,0
273425,458,00000000,0
273426,459,00000000,0
273427,460,00000000,0
273428,461,00000000,0
273429,462,00000000,0
273430,463,00000000,0
273431,464,00000000,0
273432,465,00000000,0
273433,466,00000000,0
273434,467,00000000,0
273435,468,00000000,0
273436,469,00000000,0
273437,470,00000000,0
273438,471,00000000,0
273439,472,00000000,0
273440,473,00000000,0
273441,474,00000000,0
273442,475,00000000,0
273443,476,00000000,0
273444,477,00000000,0
273445,478,00000000,0
273446,479,00000000,0
273447,480,00000000,0
273448,481,00000000,0
273449,482,00000000,0
273450,483,00000000,0
273451,484,00000000,0
273452,485,00000000,0
273453,486,00000000,0
273454,487,00000000,0
273455,488,00000000,0
273456,489,00000000,0
273457,490,00000000,0
273458,491,00000000,0
273459,492,00000000,0
273460,493,00000000,0
273461,494,00000000,0
273462,495,00000000,0
273463,496,00000000,0
273464,497,00000000,0
273465,498,00000000,0
273466,499,00000000,0
273467,500,00000000,0
273468,501,00000000,0
273469,502,00000000,0
273470,503,00000000,0
273471,504,00000000,0
273472,505,00000000,0
273473,506,00000000,0
273474,507,00000000,0
273475,508,00000000,0
273476,509,00000000,0
273477,510,00000000,0
273478,511,00000000,0
273479,512,00000000,0
273480,513,00000000,0
273481,514,00000000,0
273482,515,00000000,0
273483,516,00000000,0
273484,517,00000000,0
273485,518,00000000,0
273486,519,00000000,0
273487,520,00000000,0
273488,521,00000000,0
273489,522,00000000,0
273490,523,00000000,0
273491,524,00000000,0
273492,525,00000000,0
273493,526,00000000,0
273494,527,00000000,0
273495,528,00000000,0
273496,529,00000000,0
273497,530,00000000,0
273498,531,00000000,0
273499,532,00000000,0
273500,533,00000000,0
273501,534,00000000,0
273502,535,00000000,0
273503,536,00000000,0
273504,537,00000000,0
273505,538,00000000,0
273506,539,00000000,0
273507,540,00000000,0
273508,541,00000000,0
273509,542,00000000,0
273510,543,00000000,0
273511,544,00000000,0
273512,545,00000000,0
273513,546,00000000,0
273514,547,00000000,0
273515,548,00000000,0
273516,549,00000000,0
273517,550,00000000,0
273518,551,00000000,0
273519,552,00000000,0
273520,553,00000000,0
273521,554,00000000,0
273522,555,00000000,0
273523,556,00000000,0
273524,557,00000000,0
273525,558,00000000,0
273526,559,00000000,0
273527,560,00000000,0
273528,561,00000000,0
273529,562,00000000,0
273530,563,00000000,0
273531,564,00000000,0
273532,565,00000000,0
273533,566,00000000,0
273534,567,00000000,0
273535,568,00000000,0
273536,569,00000000,0
273537,570,00000000,0
273538,571,00000000,0
273539,572,00000000,0
273540,573,00000000,0
273541,574,00000000,0
273542,575,00000000,0
273543,576,00000000,0
273544,577,00000000,0
273545,578,00000000,0
273546,579,00000000,0
273547,580,00000000,0
273548,581,00000000,0
273549,582,00000000,0
273550,583,00000000,0
273551,584,00000000,0
273552,585,00000000,0
273553,586,00000000,0
273554,587,00000000,0
273555,588,00000000,0
273556,589,00000000,0
273557,590,00000000,0
273558,591,00000000,0
273559,592,00000000,0
273560,593,00000000,0
273561,594,00000000,0
273562,595,00000000,0
273563,596,00000000,0
273564,597,00000000,0
273565,598,00000000,0
273566,599,00000000,0
273567,600,00000000,0
273568,601,00000000,0
273569,602,00000000,0
273570,603,00000000,0
273571,604,00000000,0
273572,605,00000000,0
273573,606,00000000,0
273574,607,00000000,0
273575,608,00000000,0
273576,609,00000000,0
273577,610,00000000,0
273578,611,00000000,0
273579,612,00000000,0
273580,613,00000000,0
273581,614,00000000,0
273582,615,00000000,0
273583,616,00000000,0
273584,617,00000000,0
273585,618,00000000,0
273586,619,00000000,0
273587,620,00000000,0
273588,621,00000000,0
273589,622,00000000,0
273590,623,00000000,0
273591,624,00000000,0
273592,625,00000000,0
273593,626,00000000,0
273594,627,00000000,0
273595,628,00000000,0
273596,629,00000000,0
273597,630,00000000,0
273598,631,00000000,0
273599,632,00000000,0
273600,633,00000000,0
273601,634,00000000,0
273602,635,00000000,0
273603,636,00000000,0
273604,637,00000000,0
273605,638,00000000,0
273606,639,00000000,0
273607,640,00000000,0
273608,641,00000000,0
273609,642,00000000,0
273610,643,00000000,0
273611,644,00000000,0
273612,645,00000000,0
273613,646,00000000,0
273614,647,00000000,0
273615,648,00000000,0
273616,649,00000000,0
273617,650,00000000,0
273618,651,00000000,0
273619,652,00000000,0
273620,653,00000000,0
273621,654,00000000,0
273622,655,00000000,0
273623,656,00000000,0
273624,657,00000000,0
273625,658,00000000,0
273626,659,00000000,0
273627,660,00000000,0
273628,661,00000000,0
273629,662,00000000,0
273630,663,00000000,0
273631,664,00000000,0
273632,665,00000000,0
273633,666,00000000,0
273634,667,00000000,0
273635,668,00000000,0
273636,669,00000000,0
273637,670,00000000,0
273638,671,00000000,0
273639,672,00000000,0
273640,673,00000000,0
273641,674,00000000,0
273642,675,00000000,0
273643,676,00000000,0
273644,677,00000000,0
273645,678,00000000,0
273646,679,00000000,0
273647,680,00000000,0
273648,681,00000000,0
273649,682,00000000,0
273650,683,00000000,0
273651,684,00000000,0
273652,685,00000000,0
273653,686,00000000,0
273654,687,00000000,0
273655,688,00000000,0
273656,689,00000000,0
273657,690,00000000,0
273658,691,00000000,0
273659,692,00000000,0
273660,693,00000000,0
273661,694,00000000,0
273662,695,00000000,0
273663,696,00000000,0
273664,697,00000000,0
273665,698,00000000,0
273666,699,00000000,0
273667,700,00000000,0
273668,701,00000000,0
273669,702,00000000,0
273670,703,00000000,0
273671,704,00000000,0
273672,705,00000000,0
273673,706,00000000,0
273674,707,00000000,0
273675,708,00000000,0
273676,709,00000000,0
273677,710,00000000,0
273678,711,00000000,0
273679,712,00000000,0
273680,713,00000000,0
273681,714,00000000,0
273682,715,00000000,0
273683,716,00000000,0
273684,717,00000000,0
273685,718,00000000,0
273686,719,00000000,0
273687,720,00000000,0
273688,721,00000000,0
273689,722,00000000,0
273690,723,00000000,0
273691,724,00000000,0
273692,725,00000000,0
273693,726,00000000,0
273694,727,00000000,0
273695,728,00000000,0
273696,729,00000000,0
273697,730,00000000,0
273698,731,00000000,0
273699,732,00000000,0
273700,733,00000000,0
273701,734,00000000,0
273702,735,00000000,0
273703,736,00000000,0
273704,737,00000000,0
273705,738,00000000,0
273706,739,00000000,0
273707,740,00000000,0
273708,741,00000000,0
273709,742,00000000,0
273710,743,00000000,0
273711,744,00000000,0
273712,745,00000000,0
273713,746,00000000,0
273714,747,00000000,0
273715,748,00000000,0
273716,749,00000000,0
273717,750,00000000,0
273718,751,00000000,0
273719,752,00000000,0
273720,753,00000000,0
273721,754,00000000,0
273722,755,00000000,0
273723,756,00000000,0
273724,757,00000000,0
273725,758,00000000,0
273726,759,00000000,0
273727,760,00000000,0
273728,761,00000000,0
273729,762,00000000,0
273730,763,00000000,0
273731,764,00000000,0
273732,765,00000000,0
273733,766,00000000,0
273734,767,00000000,0
273735,768,00000000,0
273736,769,00000000,0
273737,770,00000000,0
273738,771,00000000,0
273739,772,00000000,0
273740,773,00000000,0
273741,774,00000000,0
273742,775,00000000,0
273743,776,00000000,0
273744,777,00000000,0
273745,778,00000000,0
273746,779,00000000,0
273747,780,00000000,0
273748,781,00000000,0
273749,782,00000000,0
273750,783,00000000,0
273751,784,00000000,0
273752,785,00000000,0
273753,786,00000000,0
273754,787,00000000,0
273755,788,00000000,0
273756,789,00000000,0
273757,790,00000000,0
273758,791,00000000,0
273759,792,00000000,0
273760,793,00000000,0
273761,794,00000000,0
273762,795,00000000,0
273763,796,00000000,0
273764,797,00000000,0
273765,798,00000000,0
273766,799,00000000,0
273767,800,00000000,0
273768,801,00000000,0
273769,802,00000000,0
273770,803,00000000,0
273771,804,00000000,0
273772,805,00000000,0
273773,806,00000000,0
273774,807,00000000,0
273775,808,00000000,0
273776,809,00000000,0
273777,810,00000000,0
273778,811,00000000,0
273779,812,00000000,0
273780,813,00000000,0
273781,814,00000000,0
273782,815,00000000,0
273783,816,00000000,0
273784,817,00000000,0
273785,818,00000000,0
273786,819,00000000,0
273787,820,00000000,0
273788,821,00000000,0
273789,822,00000000,0
273790,823,00000000,0
273791,824,00000000,0
273792,825,00000000,0
273793,826,00000000,0
273794,827,00000000,0
273795,828,00000000,0
273796,829,00000000,0
273797,830,00000000,0
273798,831,00000000,0
273799,832,00000000,0
273800,833,00000000,0
273801,834,00000000,0
273802,835,00000000,0
273803,836,00000000,0
273804,837,00000000,0
273805,838,00000000,0
273806,839,00000000,0
273807,840,00000000,0
273808,841,00000000,0
273809,842,00000000,0
273810,843,00000000,0
273811,844,00000000,0
273812,845,00000000,0
273813,846,00000000,0
273814,847,00000000,0
273815,848,00000000,0
273816,849,00000000,0
273817,850,00000000,0
273818,851,00000000,0
273819,852,00000000,0
273820,853,00000000,0
273821,854,00000000,0
273822,855,00000000,0
273823,856,00000000,0
273824,857,00000000,0
273825,858,00000000,0
273826,859,00000000,0
273827,860,00000000,0
273828,861,00000000,0
273829,862,00000000,0
273830,863,00000000,0
273831,864,00000000,0
273832,865,00000000,0
273833,866,00000000,0
273834,867,00000000,0
273835,868,00000000,0
273836,869,00000000,0
273837,870,00000000,0
273838,871,00000000,0
273839,872,00000000,0
273840,873,00000000,0
273841,874,00000000,0
273842,875,00000000,0
273843,876,00000000,0
273844,877,00000000,0
273845,878,00000000,0
273846,879,00000000,0
273847,880,00000000,0
273848,881,00000000,0
273849,882,00000000,0
273850,883,00000000,0
273851,884,00000000,0
273852,885,00000000,0
273853,886,00000000,0
273854,887,00000000,0
273855,888,00000000,0
273856,889,00000000,0
273857,890,00000000,0
273858,891,00000000,0
273859,892,00000000,0
273860,893,00000000,0
273861,894,00000000,0
273862,895,00000000,0
273863,896,00000000,0
273864,897,00000000,0
273865,898,00000000,0
273866,899,00000000,0
273867,900,00000000,0
273868,901,00000000,0
273869,902,00000000,0
273870,903,00000000,0
273871,904,00000000,0
273872,905,00000000,0
273873,906,00000000,0
273874,907,00000000,0
273875,908,00000000,0
273876,909,00000000,0
273877,910,00000000,0
273878,911,00000000,0
273879,912,00000000,0
273880,913,00000000,0
273881,914,00000000,0
273882,915,00000000,0
273883,916,00000000,0
273884,917,00000000,0
273885,918,00000000,0
273886,919,00000000,0
273887,920,00000000,0
273888,921,00000000,0
273889,922,00000000,0
273890,923,00000000,0
273891,924,00000000,0
273892,925,00000000,0
273893,926,00000000,0
273894,927,00000000,0
273895,928,00000000,0
273896,929,00000000,0
273897,930,00000000,0
273898,931,00000000,0
273899,932,00000000,0
273900,933,00000000,0
273901,934,00000000,0
273902,935,00000000,0
273903,936,00000000,0
273904,937,00000000,0
273905,938,00000000,0
273906,939,00000000,0
273907,940,00000000,0
273908,941,00000000,0
273909,942,00000000,0
273910,943,00000000,0
273911,944,00000000,0
273912,945,00000000,0
273913,946,00000000,0
273914,947,00000000,0
273915,948,00000000,0
273916,949,00000000,0
273917,950,00000000,0
273918,951,00000000,0
273919,952,00000000,0
273920,953,00000000,0
273921,954,00000000,0
273922,955,00000000,0
273923,956,00000000,0
273924,957,00000000,0
273925,958,00000000,0
273926,959,00000000,0
273927,960,00000000,0
273928,961,00000000,0
273929,962,00000000,0
273930,963,00000000,0
273931,964,00000000,0
273932,965,00000000,0
273933,966,00000000,0
273934,967,00000000,0
273935,968,00000000,0
273936,969,00000000,0
273937,970,00000000,0
273938,971,00000000,0
273939,972,00000000,0
273940,973,00000000,0
273941,974,00000000,0
273942,975,00000000,0
273943,976,00000000,0
273944,977,00000000,0
273945,978,00000000,0
273946,979,00000000,0
273947,980,00000000,0
273948,981,00000000,0
273949,982,00000000,0
273950,983,00000000,0
273951,984,00000000,0
273952,985,00000000,0
273953,986,00000000,0
273954,987,00000000,0
273955,988,00000000,0
273956,989,00000000,0
273957,990,00000000,0
273958,991,00000000,0
273959,992,00000000,0
273960,993,00000000,0
273961,994,00000000,0
273962,995,00000000,0
273963,996,00000000,0
273964,997,00000000,0
273965,998,00000000,0
273966,999,00000000,0
273967,1000,00000000,0
273968,1001,00000000,0
273969,1002,00000000,0
273970,1003,00000000,0
273971,1004,00000000,0
273972,1005,00000000,0
273973,1006,00000000,0
273974,1007,00000000,0
273975,1008,00000000,0
273976,1009,00000000,0
273977,1010,00000000,0
273978,1011,00000000,0
273979,1012,00000000,0
273980,1013,00000000,0
273981,1014,00000000,0
273982,1015,00000000,0
273983,1016,00000000,0
273984,1017,00000000,0
273985,1018,00000000,0
273986,1019,00000000,0
273987,1020,00000000,0
273988,1021,00000000,0
273989,1022,00000000,0
273990,1023,00000000,0
273991,1024,00000000,0
273992,1025,00000000,0
273993,1026,00000000,0
273994,1027,00000000,0
273995,1028,00000000,0
273996,1029,00000000,0
273997,1030,00000000,0
273998,1031,00000000,0
273999,1032,00000000,0
274000,1033,00000000,0
274001,1034,00000000,0
274002,1035,00000000,0
274003,1036,00000000,0
274004,1037,00000000,0
274005,1038,00000000,0
274006,1039,00000000,0
274007,1040,00000000,0
274008,1041,00000000,0
274009,1042,00000000,0
274010,1043,00000000,0
274011,1044,00000000,0
274012,1045,00000000,0
274013,1046,00000000,0
274014,1047,00000000,0
274015,1048,00000000,0
274016,1049,00000000,0
274017,1050,00000000,0
274018,1051,00000000,0
274019,1052,00000000,0
274020,1053,00000000,0
274021,1054,00000000,0
274022,1055,00000000,0
274023,1056,00000000,0
274024,1057,00000000,0
274025,1058,00000000,0
274026,1059,00000000,0
274027,1060,00000000,0
274028,1061,00000000,0
274029,1062,00000000,0
274030,1063,00000000,0
274031,1064,00000000,0
274032,1065,00000000,0
274033,1066,00000000,0
274034,1067,00000000,0
274035,1068,00000000,0
274036,1069,00000000,0
274037,1070,00000000,0
274038,1071,00000000,0
274039,1072,00000000,0
274040,1073,00000000,0
274041,1074,00000000,0
274042,1075,00000000,0
274043,1076,00000000,0
274044,1077,00000000,0
274045,1078,00000000,0
274046,1079,00000000,0
274047,1080,00000000,0
274048,1081,00000000,0
274049,1082,00000000,0
274050,1083,00000000,0
274051,1084,00000000,0
274052,1085,00000000,0
274053,1086,00000000,0
274054,1087,00000000,0
274055,1088,00000000,0
274056,1089,00000000,0
274057,1090,00000000,0
274058,1091,00000000,0
274059,1092,00000000,0
274060,1093,00000000,0
274061,1094,00000000,0
274062,1095,00000000,0
274063,1096,00000000,0
274064,1097,00000000,0
274065,1098,00000000,0
274066,1099,00000000,0
274067,1100,00000000,0
274068,1101,00000000,0
274069,1102,00000000,0
274070,1103,00000000,0
274071,1104,00000000,0
274072,1105,00000000,0
274073,1106,00000000,0
274074,1107,00000000,0
274075,1108,00000000,0
274076,1109,00000000,0
274077,1110,00000000,0
274078,1111,00000000,0
274079,1112,00000000,0
274080,1113,00000000,0
274081,1114,00000000,0
274082,1115,00000000,0
274083,1116,00000000,0
274084,1117,00000000,0
274085,1118,00000000,0
274086,1119,00000000,0
274087,1120,00000000,0
274088,1121,00000000,0
274089,1122,00000000,0
274090,1123,00000000,0
274091,1124,00000000,0
274092,1125,00000000,0
274093,1126,00000000,0
274094,1127,00000000,0
274095,1128,00000000,0
274096,1129,00000000,0
274097,1130,00000000,0
274098,1131,00000000,0
274099,1132,00000000,0
274100,1133,00000000,0
274101,1134,00000000,0
274102,1135,00000000,0
274103,1136,00000000,0
274104,1137,00000000,0
274105,1138,00000000,0
274106,1139,00000000,0
274107,1140,00000000,0
274108,1141,00000000,0
274109,1142,00000000,0
274110,1143,00000000,0
274111,1144,00000000,0
274112,1145,00000000,0
274113,1146,00000000,0
274114,1147,00000000,0
274115,1148,00000000,0
274116,1149,00000000,0
274117,1150,00000000,0
274118,1151,00000000,0
274119,1152,00000000,0
274120,1153,00000000,0
274121,1154,00000000,0
274122,1155,00000000,0
274123,1156,00000000,0
274124,1157,00000000,0
274125,1158,00000000,0
274126,1159,00000000,0
274127,1160,00000000,0
274128,1161,00000000,0
274129,1162,00000000,0
274130,1163,00000000,0
274131,1164,00000000,0
274132,1165,00000000,0
274133,1166,00000000,0
274134,1167,00000000,0
274135,1168,00000000,0
274136,1169,00000000,0
274137,1170,00000000,0
274138,1171,00000000,0
274139,1172,00000000,0
274140,1173,00000000,0
274141,1174,00000000,0
274142,1175,00000000,0
274143,1176,00000000,0
274144,1177,00000000,0
274145,1178,00000000,0
274146,1179,00000000,0
274147,1180,00000000,0
274148,1181,00000000,0
274149,1182,00000000,0
274150,1183,00000000,0
274151,1184,00000000,0
274152,1185,00000000,0
274153,1186,00000000,0
274154,1187,00000000,0
274155,1188,00000000,0
274156,1189,00000000,0
274157,1190,00000000,0
274158,1191,00000000,0
274159,1192,00000000,0
274160,1193,00000000,0
274161,1194,00000000,0
274162,1195,00000000,0
274163,1196,00000000,0
274164,1197,00000000,0
274165,1198,00000000,0
274166,1199,00000000,0
274167,1200,00000000,0
274168,1201,00000000,0
274169,1202,00000000,0
274170,1203,00000000,0
274171,1204,00000000,0
274172,1205,00000000,0
274173,1206,00000000,0
274174,1207,00000000,0
274175,1208,00000000,0
274176,1209,00000000,0
274177,1210,00000000,0
274178,1211,00000000,0
274179,1212,00000000,0
274180,1213,00000000,0
274181,1214,00000000,0
274182,1215,00000000,0
274183,1216,00000000,0
274184,1217,00000000,0
274185,1218,00000000,0
274186,1219,00000000,0
274187,1220,00000000,0
274188,1221,00000000,0
274189,1222,00000000,0
274190,1223,00000000,0
274191,1224,00000000,0
274192,1225,00000000,0
274193,1226,00000000,0
274194,1227,00000000,0
274195,1228,00000000,0
274196,1229,00000000,0
274197,1230,00000000,0
274198,1231,00000000,0
274199,1232,00000000,0
274200,1233,00000000,0
274201,1234,00000000,0
274202,1235,00000000,0
274203,1236,00000000,0
274204,1237,00000000,0
274205,1238,00000000,0
274206,1239,00000000,0
274207,1240,00000000,0
274208,1241,00000000,0
274209,1242,00000000,0
274210,1243,00000000,0
274211,1244,00000000,0
274212,1245,00000000,0
274213,1246,00000000,0
274214,1247,00000000,0
274215,1248,00000000,0
274216,1249,00000000,0
274217,1250,00000000,0
274218,1251,00000000,0
274219,1252,00000000,0
274220,1253,00000000,0
274221,1254,00000000,0
274222,1255,00000000,0
274223,1256,00000000,0
274224,1257,00000000,0
274225,1258,00000000,0
274226,1259,00000000,0
274227,1260,00000000,0
274228,1261,00000000,0
274229,1262,00000000,0
274230,1263,00000000,0
274231,1264,00000000,0
274232,1265,00000000,0
274233,1266,00000000,0
274234,1267,00000000,0
274235,1268,00000000,0
274236,1269,00000000,0
274237,1270,00000000,0
274238,1271,00000000,0
274239,1272,00000000,0
274240,1273,00000000,0
274241,1274,00000000,0
274242,1275,00000000,0
274243,1276,00000000,0
274244,1277,00000000,0
274245,1278,00000000,0
274246,1279,00000000,0
274247,1280,00000000,0
274248,1281,00000000,0
274249,1282,00000000,0
274250,1283,00000000,0
274251,1284,00000000,0
274252,1285,00000000,0
274253,1286,00000000,0
274254,1287,00000000,0
274255,1288,00000000,0
274256,1289,00000000,0
274257,1290,00000000,0
274258,1291,00000000,0
274259,1292,00000000,0
274260,1293,00000000,0
274261,1294,00000000,0
274262,1295,00000000,0
274263,1296,00000000,0
274264,1297,00000000,0
274265,1298,00000000,0
274266,1299,00000000,0
274267,1300,00000000,0
274268,1301,00000000,0
274269,1302,00000000,0
274270,1303,00000000,0
274271,1304,00000000,0
274272,1305,00000000,0
274273,1306,00000000,0
274274,1307,00000000,0
274275,1308,00000000,0
274276,1309,00000000,0
274277,1310,00000000,0
274278,1311,00000000,0
274279,1312,00000000,0
274280,1313,00000000,0
274281,1314,00000000,0
274282,1315,00000000,0
274283,1316,00000000,0
274284,1317,00000000,0
274285,1318,00000000,0
274286,1319,00000000,0
274287,1320,00000000,0
274288,1321,00000000,0
274289,1322,00000000,0
274290,1323,00000000,0
274291,1324,00000000,0
274292,1325,00000000,0
274293,1326,00000000,0
274294,1327,00000000,0
274295,1328,00000000,0
274296,1329,00000000,0
274297,1330,00000000,0
274298,1331,00000000,0
274299,1332,00000000,0
274300,1333,00000000,0
274301,1334,00000000,0
274302,1335,00000000,0
274303,1336,00000000,0
274304,1337,00000000,0
274305,1338,00000000,0
274306,1339,00000000,0
274307,1340,00000000,0
274308,1341,00000000,0
274309,1342,00000000,0
274310,1343,00000000,0
274311,1344,00000000,0
274312,1345,00000000,0
274313,1346,00000000,0
274314,1347,00000000,0
274315,1348,00000000,0
274316,1349,00000000,0
274317,1350,00000000,0
274318,1351,00000000,0
274319,1352,00000000,0
274320,1353,00000000,0
274321,1354,00000000,0
274322,1355,00000000,0
274323,1356,00000000,0
274324,1357,00000000,0
274325,1358,00000000,0
274326,1359,00000000,0
274327,1360,00000000,0
274328,1361,00000000,0
274329,1362,00000000,0
274330,1363,00000000,0
274331,1364,00000000,0
274332,1365,00000000,0
274333,1366,00000000,0
274334,1367,00000000,0
274335,1368,00000000,0
274336,1369,00000000,0
274337,1370,00000000,0
274338,1371,00000000,0
274339,1372,00000000,0
274340,1373,00000000,0
274341,1374,00000000,0
274342,1375,00000000,0
274343,1376,00000000,0
274344,1377,00000000,0
274345,1378,00000000,0
274346,1379,00000000,0
274347,1380,00000000,0
274348,1381,00000000,0
274349,1382,00000000,0
274350,1383,00000000,0
274351,1384,00000000,0
274352,1385,00000000,0
274353,1386,00000000,0
274354,1387,00000000,0
274355,1388,00000000,0
274356,1389,00000000,0
274357,1390,00000000,0
274358,1391,00000000,0
274359,1392,00000000,0
274360,1393,00000000,0
274361,1394,00000000,0
274362,1395,00000000,0
274363,1396,00000000,0
274364,1397,00000000,0
274365,1398,00000000,0
274366,1399,00000000,0
274367,1400,00000000,0
274368,1401,00000000,0
274369,1402,00000000,0
274370,1403,00000000,0
274371,1404,00000000,0
274372,1405,00000000,0
274373,1406,00000000,0
274374,1407,00000000,0
274375,1408,00000000,0
274376,1409,00000000,0
274377,1410,00000000,0
274378,1411,00000000,0
274379,1412,00000000,0
274380,1413,00000000,0
274381,1414,00000000,0
274382,1415,00000000,0
274383,1416,00000000,0
274384,1417,00000000,0
274385,1418,00000000,0
274386,1419,00000000,0
274387,1420,00000000,0
274388,1421,00000000,0
274389,1422,00000000,0
274390,1423,00000000,0
274391,1424,00000000,0
274392,1425,00000000,0
274393,1426,00000000,0
274394,1427,00000000,0
274395,1428,00000000,0
274396,1429,00000000,0
274397,1430,00000000,0
274398,1431,00000000,0
274399,1432,00000000,0
274400,1433,00000000,0
274401,1434,00000000,0
274402,1435,00000000,0
274403,1436,00000000,0
274404,1437,00000000,0
274405,1438,00000000,0
274406,1439,00000000,0
274407,1440,00000000,0
274408,1441,00000000,0
274409,1442,00000000,0
274410,1443,00000000,0
274411,1444,00000000,0
274412,1445,00000000,0
274413,1446,00000000,0
274414,1447,00000000,0
274415,1448,00000000,0
274416,1449,00000000,0
274417,1450,00000000,0
274418,1451,00000000,0
274419,1452,00000000,0
274420,1453,00000000,0
274421,1454,00000000,0
274422,1455,00000000,0
274423,1456,00000000,0
274424,1457,00000000,0
274425,1458,00000000,0
274426,1459,00000000,0
274427,1460,00000000,0
274428,1461,00000000,0
274429,1462,00000000,0
274430,1463,00000000,0
274431,1464,00000000,0
274432,1465,00000000,0
274433,1466,00000000,0
274434,1467,00000000,0
274435,1468,00000000,0
274436,1469,00000000,0
274437,1470,00000000,0
274438,1471,00000000,0
274439,1472,00000000,0
274440,1473,00000000,0
274441,1474,00000000,0
274442,1475,00000000,0
274443,1476,00000000,0
274444,1477,00000000,0
274445,1478,00000000,0
274446,1479,00000000,0
274447,1480,00000000,0
274448,1481,00000000,0
274449,1482,00000000,0
274450,1483,00000000,0
274451,1484,00000000,0
274452,1485,00000000,0
274453,1486,00000000,0
274454,1487,00000000,0
274455,1488,00000000,0
274456,1489,00000000,0
274457,1490,00000000,0
274458,1491,00000000,0
274459,1492,00000000,0
274460,1493,00000000,0
274461,1494,00000000,0
274462,1495,00000000,0
274463,1496,00000000,0
274464,1497,00000000,0
274465,1498,00000000,0
274466,1499,00000000,0
274467,1500,00000000,0
274468,1501,00000000,0
274469,1502,00000000,0
274470,1503,00000000,0
274471,1504,00000000,0
274472,1505,00000000,0
274473,1506,00000000,0
274474,1507,00000000,0
274475,1508,00000000,0
274476,1509,00000000,0
274477,1510,00000000,0
274478,1511,00000000,0
274479,1512,00000000,0
274480,1513,00000000,0
274481,1514,00000000,0
274482,1515,00000000,0
274483,1516,00000000,0
274484,1517,00000000,0
274485,1518,00000000,0
274486,1519,00000000,0
274487,1520,00000000,0
274488,1521,00000000,0
274489,1522,00000000,0
274490,1523,00000000,0
274491,1524,00000000,0
274492,1525,00000000,0
274493,1526,00000000,0
274494,1527,00000000,0
274495,1528,00000000,0
274496,1529,00000000,0
274497,1530,00000000,0
274498,1531,00000000,0
274499,1532,00000000,0
274500,1533,00000000,0
274501,1534,00000000,0
274502,1535,00000000,0
274503,1536,00000000,0
274504,1537,00000000,0
274505,1538,00000000,0
274506,1539,00000000,0
274507,1540,00000000,0
274508,1541,00000000,0
274509,1542,00000000,0
274510,1543,00000000,0
274511,1544,00000000,0
274512,1545,00000000,0
274513,1546,00000000,0
274514,1547,00000000,0
274515,1548,00000000,0
274516,1549,00000000,0
274517,1550,00000000,0
274518,1551,00000000,0
274519,1552,00000000,0
274520,1553,00000000,0
274521,1554,00000000,0
274522,1555,00000000,0
274523,1556,00000000,0
274524,1557,00000000,0
274525,1558,00000000,0
274526,1559,00000000,0
274527,1560,00000000,0
274528,1561,00000000,0
274529,1562,00000000,0
274530,1563,00000000,0
274531,1564,00000000,0
274532,1565,00000000,0
274533,1566,00000000,0
274534,1567,00000000,0
274535,1568,00000000,0
274536,1569,00000000,0
274537,1570,00000000,0
274538,1571,00000000,0
274539,1572,00000000,0
274540,1573,00000000,0
274541,1574,00000000,0
274542,1575,00000000,0
274543,1576,00000000,0
274544,1577,00000000,0
274545,1578,00000000,0
274546,1579,00000000,0
274547,1580,00000000,0
274548,1581,00000000,0
274549,1582,00000000,0
274550,1583,00000000,0
274551,1584,00000000,0
274552,1585,00000000,0
274553,1586,00000000,0
274554,1587,00000000,0
274555,1588,00000000,0
274556,1589,00000000,0
274557,1590,00000000,0
274558,1591,00000000,0
274559,1592,00000000,0
274560,1593,00000000,0
274561,1594,00000000,0
274562,1595,00000000,0
274563,1596,00000000,0
274564,1597,00000000,0
274565,1598,00000000,0
274566,1599,00000000,0
274567,1600,00000000,0
274568,1601,00000000,0
274569,1602,00000000,0
274570,1603,00000000,0
274571,1604,00000000,0
274572,1605,00000000,0
274573,1606,00000000,0
274574,1607,00000000,0
274575,1608,00000000,0
274576,1609,00000000,0
274577,1610,00000000,0
274578,1611,00000000,0
274579,1612,00000000,0
274580,1613,00000000,0
274581,1614,00000000,0
274582,1615,00000000,0
274583,1616,00000000,0
274584,1617,00000000,0
274585,1618,00000000,0
274586,1619,00000000,0
274587,1620,00000000,0
274588,1621,00000000,0
274589,1622,00000000,0
274590,1623,00000000,0
274591,1624,00000000,0
274592,1625,00000000,0
274593,1626,00000000,0
274594,1627,00000000,0
274595,1628,00000000,0
274596,1629,00000000,0
274597,1630,00000000,0
274598,1631,00000000,0
274599,1632,00000000,0
274600,1633,00000000,0
274601,1634,00000000,0
274602,1635,00000000,0
274603,1636,00000000,0
274604,1637,00000000,0
274605,1638,00000000,0
274606,1639,00000000,0
274607,1640,00000000,0
274608,1641,00000000,0
274609,1642,00000000,0
274610,1643,00000000,0
274611,1644,00000000,0
274612,1645,00000000,0
274613,1646,00000000,0
274614,1647,00000000,0
274615,1648,00000000,0
274616,1649,00000000,0
274617,1650,00000000,0
274618,1651,00000000,0
274619,1652,00000000,0
274620,1653,00000000,0
274621,1654,00000000,0
274622,1655,00000000,0
274623,1656,00000000,0
274624,1657,00000000,0
274625,1658,00000000,0
274626,1659,00000000,0
274627,1660,00000000,0
274628,1661,00000000,0
274629,1662,00000000,0
274630,1663,00000000,0
274631,1664,00000000,0
274632,1665,00000000,0
274633,1666,00000000,0
274634,1667,00000000,0
274635,1668,00000000,0
274636,1669,00000000,0
274637,1670,00000000,0
274638,1671,00000000,0
274639,1672,00000000,0
274640,1673,00000000,0
274641,1674,00000000,0
274642,1675,00000000,0
274643,1676,00000000,0
274644,1677,00000000,0
274645,1678,00000000,0
274646,1679,00000000,0
274647,1680,00000000,0
274648,1681,00000000,0
274649,1682,00000000,0
274650,1683,00000000,0
274651,1684,00000000,0
274652,1685,00000000,0
274653,1686,00000000,0
274654,1687,00000000,0
274655,1688,00000000,0
274656,1689,00000000,0
274657,1690,00000000,0
274658,1691,00000000,0
274659,1692,00000000,0
274660,1693,00000000,0
274661,1694,00000000,0
274662,1695,00000000,0
274663,1696,00000000,0
274664,1697,00000000,0
274665,1698,00000000,0
274666,1699,00000000,0
274667,1700,00000000,0
274668,1701,00000000,0
274669,1702,00000000,0
274670,1703,00000000,0
274671,1704,00000000,0
274672,1705,00000000,0
274673,1706,00000000,0
274674,1707,00000000,0
274675,1708,00000000,0
274676,1709,00000000,0
274677,1710,00000000,0
274678,1711,00000000,0
274679,1712,00000000,0
274680,1713,00000000,0
274681,1714,00000000,0
274682,1715,00000000,0
274683,1716,00000000,0
274684,1717,00000000,0
274685,1718,00000000,0
274686,1719,00000000,0
274687,1720,00000000,0
274688,1721,00000000,0
274689,1722,00000000,0
274690,1723,00000000,0
274691,1724,00000000,0
274692,1725,00000000,0
274693,1726,00000000,0
274694,1727,00000000,0
274695,1728,00000000,0
274696,1729,00000000,0
274697,1730,00000000,0
274698,1731,00000000,0
274699,1732,00000000,0
274700,1733,00000000,0
274701,1734,00000000,0
274702,1735,00000000,0
274703,1736,00000000,0
274704,1737,00000000,0
274705,1738,00000000,0
274706,1739,00000000,0
274707,1740,00000000,0
274708,1741,00000000,0
274709,1742,00000000,0
274710,1743,00000000,0
274711,1744,00000000,0
274712,1745,00000000,0
274713,1746,00000000,0
274714,1747,00000000,0
274715,1748,00000000,0
274716,1749,00000000,0
274717,1750,00000000,0
274718,1751,00000000,0
274719,1752,00000000,0
274720,1753,00000000,0
274721,1754,00000000,0
274722,1755,00000000,0
274723,1756,00000000,0
274724,1757,00000000,0
274725,1758,00000000,0
274726,1759,00000000,0
274727,1760,00000000,0
274728,1761,00000000,0
274729,1762,00000000,0
274730,1763,00000000,0
274731,1764,00000000,0
274732,1765,00000000,0
274733,1766,00000000,0
274734,1767,00000000,0
274735,1768,00000000,0
274736,1769,00000000,0
274737,1770,00000000,0
274738,1771,00000000,0
274739,1772,00000000,0
274740,1773,00000000,0
274741,1774,00000000,0
274742,1775,00000000,0
274743,1776,00000000,0
274744,1777,00000000,0
274745,1778,00000000,0
274746,1779,00000000,0
274747,1780,00000000,0
274748,1781,00000000,0
274749,1782,00000000,0
274750,1783,00000000,0
274751,1784,00000000,0
274752,1785,00000000,0
274753,1786,00000000,0
274754,1787,00000000,0
274755,1788,00000000,0
274756,1789,00000000,0
274757,1790,00000000,0
274758,1791,00000000,0
274759,1792,00000000,0
274760,1793,00000000,0
274761,1794,00000000,0
274762,1795,00000000,0
274763,1796,00000000,0
274764,1797,00000000,0
274765,1798,00000000,0
274766,1799,00000000,0
274767,1800,00000000,0
274768,1801,00000000,0
274769,1802,00000000,0
274770,1803,00000000,0
274771,1804,00000000,0
274772,1805,00000000,0
274773,1806,00000000,0
274774,1807,00000000,0
274775,1808,00000000,0
274776,1809,00000000,0
274777,1810,00000000,0
274778,1811,00000000,0
274779,1812,00000000,0
274780,1813,00000000,0
274781,1814,00000000,0
274782,1815,00000000,0
274783,1816,00000000,0
274784,1817,00000000,0
274785,1818,00000000,0
274786,1819,00000000,0
274787,1820,00000000,0
274788,1821,00000000,0
274789,1822,00000000,0
274790,1823,00000000,0
274791,1824,00000000,0
274792,1825,00000000,0
274793,1826,00000000,0
274794,1827,00000000,0
274795,1828,00000000,0
274796,1829,00000000,0
274797,1830,00000000,0
274798,1831,00000000,0
274799,1832,00000000,0
274800,1833,00000000,0
274801,1834,00000000,0
274802,1835,00000000,0
274803,1836,00000000,0
274804,1837,00000000,0
274805,1838,00000000,0
274806,1839,00000000,0
274807,1840,00000000,0
274808,1841,00000000,0
274809,1842,00000000,0
274810,1843,00000000,0
274811,1844,00000000,0
274812,1845,00000000,0
274813,1846,00000000,0
274814,1847,00000000,0
274815,1848,00000000,0
274816,1849,00000000,0
274817,1850,00000000,0
274818,1851,00000000,0
274819,1852,00000000,0
274820,1853,00000000,0
274821,1854,00000000,0
274822,1855,00000000,0
274823,1856,00000000,0
274824,1857,00000000,0
274825,1858,00000000,0
274826,1859,00000000,0
274827,1860,00000000,0
274828,1861,00000000,0
274829,1862,00000000,0
274830,1863,00000000,0
274831,1864,00000000,0
274832,1865,00000000,0
274833,1866,00000000,0
274834,1867,00000000,0
274835,1868,00000000,0
274836,1869,00000000,0
274837,1870,00000000,0
274838,1871,00000000,0
274839,1872,00000000,0
274840,1873,00000000,0
274841,1874,00000000,0
274842,1875,00000000,0
274843,1876,00000000,0
274844,1877,00000000,0
274845,1878,00000000,0
274846,1879,00000000,0
274847,1880,00000000,0
274848,1881,00000000,0
274849,1882,00000000,0
274850,1883,00000000,0
274851,1884,00000000,0
274852,1885,00000000,0
274853,1886,00000000,0
274854,1887,00000000,0
274855,1888,00000000,0
274856,1889,00000000,0
274857,1890,00000000,0
274858,1891,00000000,0
274859,1892,00000000,0
274860,1893,00000000,0
274861,1894,00000000,0
274862,1895,00000000,0
274863,1896,00000000,0
274864,1897,00000000,0
274865,1898,00000000,0
274866,1899,00000000,0
274867,1900,00000000,0
274868,1901,00000000,0
274869,1902,00000000,0
274870,1903,00000000,0
274871,1904,00000000,0
274872,1905,00000000,0
274873,1906,00000000,0
274874,1907,00000000,0
274875,1908,00000000,0
274876,1909,00000000,0
274877,1910,00000000,0
274878,1911,00000000,0
274879,1912,00000000,0
274880,1913,00000000,0
274881,1914,00000000,0
274882,1915,00000000,0
274883,1916,00000000,0
274884,1917,00000000,0
274885,1918,00000000,0
274886,1919,00000000,0
274887,1920,00000000,0
274888,1921,00000000,0
274889,1922,00000000,0
274890,1923,00000000,0
274891,1924,00000000,0
274892,1925,00000000,0
274893,1926,00000000,0
274894,1927,00000000,0
274895,1928,00000000,0
274896,1929,00000000,0
274897,1930,00000000,0
274898,1931,00000000,0
274899,1932,00000000,0
274900,1933,00000000,0
274901,1934,00000000,0
274902,1935,00000000,0
274903,1936,00000000,0
274904,1937,00000000,0
274905,1938,00000000,0
274906,1939,00000000,0
274907,1940,00000000,0
274908,1941,00000000,0
274909,1942,00000000,0
274910,1943,00000000,0
274911,1944,00000000,0
274912,1945,00000000,0
274913,1946,00000000,0
274914,1947,00000000,0
274915,1948,00000000,0
274916,1949,00000000,0
274917,1950,00000000,0
274918,1951,00000000,0
274919,1952,00000000,0
274920,1953,00000000,0
274921,1954,00000000,0
274922,1955,00000000,0
274923,1956,00000000,0
274924,1957,00000000,0
274925,1958,00000000,0
274926,1959,00000000,0
274927,1960,00000000,0
274928,1961,00000000,0
274929,1962,00000000,0
274930,1963,00000000,0
274931,1964,00000000,0
274932,1965,00000000,0
274933,1966,00000000,0
274934,1967,00000000,0
274935,1968,00000000,0
274936,1969,00000000,0
274937,1970,00000000,0
274938,1971,00000000,0
274939,1972,00000000,0
274940,1973,00000000,0
274941,1974,00000000,0
274942,1975,00000000,0
274943,1976,00000000,0
274944,1977,00000000,0
274945,1978,00000000,0
274946,1979,00000000,0
274947,1980,00000000,0
274948,1981,00000000,0
274949,1982,00000000,0
274950,1983,00000000,0
274951,1984,00000000,0
274952,1985,00000000,0
274953,1986,00000000,0
274954,1987,00000000,0
274955,1988,00000000,0
274956,1989,00000000,0
274957,1990,00000000,0
274958,1991,00000000,0
274959,1992,00000000,0
274960,1993,00000000,0
274961,1994,00000000,0
274962,1995,00000000,0
274963,1996,00000000,0
274964,1997,00000000,0
274965,1998,00000000,0
274966,1999,00000000,0
274967,2000,00000000,0
274968,2001,00000000,0
274969,2002,00000000,0
274970,2003,00000000,0
274971,2004,00000000,0
274972,2005,00000000,0
274973,2006,00000000,0
274974,2007,00000000,0
274975,2008,00000000,0
274976,2009,00000000,0
274977,2010,00000000,0
274978,2011,00000000,0
274979,2012,00000000,0
274980,2013,00000000,0
274981,2014,00000000,0
274982,2015,00000000,0
274983,2016,00000000,0
274984,2017,00000000,0
274985,2018,00000000,0
274986,2019,00000000,0
274987,2020,00000000,0
274988,2021,00000000,0
274989,2022,00000000,0
274990,2023,00000000,0
274991,2024,00000000,0
274992,2025,00000000,0
274993,2026,00000000,0
274994,2027,00000000,0
274995,2028,00000000,0
274996,2029,00000000,0
274997,2030,00000000,0
274998,2031,00000000,0
274999,2032,00000000,0
275000,2033,00000000,0
275001,2034,00000000,0
275002,2035,00000000,0
275003,2036,00000000,0
275004,2037,00000000,0
275005,2038,00000000,0
275006,2039,00000000,0
275007,2040,00000000,0
275008,2041,00000000,0
275009,2042,00000000,0
275010,2043,00000000,0
275011,2044,00000000,0
275012,2045,00000000,0
275013,2046,00000000,0
275014,2047,00000000,0
