cycle,time_ns,address,data_hex,data_unsigned
407875,4079195000,0,00000002,2
408031,4080755000,1,00000030,48
408032,4080765000,2,0000007a,122
408033,4080775000,3,00000060,96
408034,4080785000,4,00000079,121
408035,4080795000,5,00000090,144
408036,4080805000,6,00000000,0
408037,4080815000,7,00000003,3
408038,4080825000,8,00000000,0
408039,4080835000,9,00640001,6553601
408040,4080845000,10,00000000,0
408041,4080855000,11,00000000,0
408042,4080865000,12,00000000,0
408043,4080875000,13,00000000,0
408044,4080885000,14,00000000,0
408045,4080895000,15,00000000,0
408046,4080905000,0,00003b01,15105
