index,decim_data,hann_q15,expected_window,rtl_window,error
0,0,0,0,0,0
1,0,0,0,0,0
2,2,0,0,0,0
3,0,0,0,0,0
4,6,0,0,0,0
5,43,0,0,0,0
6,90,1,0,0,0
7,134,1,0,0,0
8,177,1,0,0,0
9,216,2,0,0,0
10,250,2,0,0,0
11,280,2,0,0,0
12,309,3,0,0,0
13,328,3,0,0,0
14,343,4,0,0,0
15,355,4,0,0,0
16,357,5,0,0,0
17,356,6,0,0,0
18,351,6,0,0,0
19,339,7,0,0,0
20,322,8,0,0,0
21,299,8,0,0,0
22,276,9,0,0,0
23,248,10,0,0,0
24,216,11,0,0,0
25,186,12,0,0,0
26,155,13,0,0,0
27,124,14,0,0,0
28,92,15,0,0,0
29,60,16,0,0,0
30,33,17,0,0,0
31,7,19,0,0,0
32,-17,20,0,0,0
33,-36,21,0,0,0
34,-54,22,0,0,0
35,-65,24,0,0,0
36,-71,25,0,0,0
37,-76,26,0,0,0
38,-76,28,0,0,0
39,-72,29,0,0,0
40,-67,31,0,0,0
41,-56,32,0,0,0
42,-41,34,0,0,0
43,-29,36,0,0,0
44,-17,37,0,0,0
45,2,39,0,0,0
46,18,41,0,0,0
47,31,43,0,0,0
48,44,44,0,0,0
49,58,46,0,0,0
50,68,48,0,0,0
51,70,50,0,0,0
52,74,52,0,0,0
53,75,54,0,0,0
54,69,56,0,0,0
55,60,58,0,0,0
56,48,60,0,0,0
57,32,63,0,0,0
58,10,65,0,0,0
59,-14,67,0,0,0
60,-39,69,0,0,0
61,-70,72,0,0,0
62,-100,74,0,0,0
63,-130,76,0,0,0
64,-163,79,0,0,0
65,-196,81,0,0,0
66,-228,84,-1,-1,0
67,-257,86,-1,-1,0
68,-283,89,-1,-1,0
69,-306,92,-1,-1,0
70,-328,94,-1,-1,0
71,-344,97,-1,-1,0
72,-354,100,-1,-1,0
73,-360,103,-1,-1,0
74,-358,105,-1,-1,0
75,-353,108,-1,-1,0
76,-343,111,-1,-1,0
77,-325,114,-1,-1,0
78,-304,117,-1,-1,0
79,-277,120,-1,-1,0
80,-244,123,-1,-1,0
81,-208,126,-1,-1,0
82,-169,129,-1,-1,0
83,-127,133,-1,-1,0
84,-79,136,0,0,0
85,-33,139,0,0,0
86,12,142,0,0,0
87,60,146,0,0,0
88,107,149,0,0,0
89,150,152,1,1,0
90,191,156,1,1,0
91,231,159,1,1,0
92,264,163,1,1,0
93,293,166,1,1,0
94,317,170,2,2,0
95,334,174,2,2,0
96,349,177,2,2,0
97,356,181,2,2,0
98,358,185,2,2,0
99,358,189,2,2,0
100,349,192,2,2,0
101,333,196,2,2,0
102,315,200,2,2,0
103,292,204,2,2,0
104,266,208,2,2,0
105,237,212,2,2,0
106,208,216,1,1,0
107,175,220,1,1,0
108,143,224,1,1,0
109,110,228,1,1,0
110,80,233,1,1,0
111,52,237,0,0,0
112,21,241,0,0,0
113,-3,246,0,0,0
114,-23,250,0,0,0
115,-42,254,0,0,0
116,-56,259,0,0,0
117,-67,263,-1,-1,0
118,-73,268,-1,-1,0
119,-75,272,-1,-1,0
120,-75,277,-1,-1,0
121,-71,281,-1,-1,0
122,-62,286,-1,-1,0
123,-49,291,0,0,0
124,-37,295,0,0,0
125,-25,300,0,0,0
126,-9,305,0,0,0
127,6,310,0,0,0
128,23,315,0,0,0
129,38,320,0,0,0
130,48,325,0,0,0
131,59,330,1,1,0
132,69,335,1,1,0
133,74,340,1,1,0
134,75,345,1,1,0
135,72,350,1,1,0
136,66,355,1,1,0
137,55,360,1,1,0
138,43,366,0,0,0
139,23,371,0,0,0
140,1,376,0,0,0
141,-21,382,0,0,0
142,-50,387,-1,-1,0
143,-81,393,-1,-1,0
144,-112,398,-1,-1,0
145,-144,404,-2,-2,0
146,-175,409,-2,-2,0
147,-208,415,-3,-3,0
148,-238,420,-3,-3,0
149,-265,426,-3,-3,0
150,-293,432,-4,-4,0
151,-316,438,-4,-4,0
152,-333,443,-5,-5,0
153,-347,449,-5,-5,0
154,-357,455,-5,-5,0
155,-360,461,-5,-5,0
156,-359,467,-5,-5,0
157,-353,473,-5,-5,0
158,-338,479,-5,-5,0
159,-318,485,-5,-5,0
160,-295,491,-4,-4,0
161,-264,497,-4,-4,0
162,-231,503,-4,-4,0
163,-194,509,-3,-3,0
164,-151,516,-2,-2,0
165,-109,522,-2,-2,0
166,-62,528,-1,-1,0
167,-16,535,0,0,0
168,29,541,0,0,0
169,77,547,1,1,0
170,124,554,2,2,0
171,166,560,3,3,0
172,204,567,4,4,0
173,242,574,4,4,0
174,275,580,5,5,0
175,302,587,5,5,0
176,325,593,6,6,0
177,342,600,6,6,0
178,353,607,7,7,0
179,360,614,7,7,0
180,359,621,7,7,0
181,353,627,7,7,0
182,342,634,7,7,0
183,327,641,6,6,0
184,307,648,6,6,0
185,282,655,6,6,0
186,255,662,5,5,0
187,227,669,5,5,0
188,195,677,4,4,0
189,163,684,3,3,0
190,131,691,3,3,0
191,99,698,2,2,0
192,68,705,1,1,0
193,41,713,1,1,0
194,15,720,0,0,0
195,-10,728,0,0,0
196,-31,735,-1,-1,0
197,-48,742,-1,-1,0
198,-63,750,-1,-1,0
199,-69,757,-2,-2,0
200,-72,765,-2,-2,0
201,-75,773,-2,-2,0
202,-72,780,-2,-2,0
203,-65,788,-2,-2,0
204,-57,796,-1,-1,0
205,-46,803,-1,-1,0
206,-32,811,-1,-1,0
207,-18,819,0,0,0
208,-4,827,0,0,0
209,13,835,0,0,0
210,28,843,1,1,0
211,42,851,1,1,0
212,54,859,1,1,0
213,63,867,2,2,0
214,70,875,2,2,0
215,73,883,2,2,0
216,73,891,2,2,0
217,71,899,2,2,0
218,63,908,2,2,0
219,50,916,1,1,0
220,36,924,1,1,0
221,17,932,0,0,0
222,-6,941,0,0,0
223,-33,949,-1,-1,0
224,-60,958,-2,-2,0
225,-90,966,-3,-3,0
226,-124,975,-4,-4,0
227,-155,983,-5,-5,0
228,-188,992,-6,-6,0
229,-221,1000,-7,-7,0
230,-248,1009,-8,-8,0
231,-277,1018,-9,-9,0
232,-302,1027,-9,-9,0
233,-323,1035,-10,-10,0
234,-339,1044,-11,-11,0
235,-351,1053,-11,-11,0
236,-358,1062,-12,-12,0
237,-358,1071,-12,-12,0
238,-355,1080,-12,-12,0
239,-346,1089,-11,-11,0
240,-331,1098,-11,-11,0
241,-309,1107,-10,-10,0
242,-284,1116,-10,-10,0
243,-253,1125,-9,-9,0
244,-216,1134,-7,-7,0
245,-180,1143,-6,-6,0
246,-137,1153,-5,-5,0
247,-92,1162,-3,-3,0
248,-47,1171,-2,-2,0
249,0,1181,0,0,0
250,48,1190,2,2,0
251,94,1199,3,3,0
252,138,1209,5,5,0
253,180,1218,7,7,0
254,219,1228,8,8,0
255,256,1238,10,10,0
256,286,1247,11,11,0
257,310,1257,12,12,0
258,330,1266,13,13,0
259,346,1276,13,13,0
260,357,1286,14,14,0
261,358,1296,14,14,0
262,356,1305,14,14,0
263,352,1315,14,14,0
264,338,1325,14,14,0
265,318,1335,13,13,0
266,298,1345,12,12,0
267,273,1355,11,11,0
268,246,1365,10,10,0
269,216,1375,9,9,0
270,182,1385,8,8,0
271,150,1395,6,6,0
272,120,1406,5,5,0
273,88,1416,4,4,0
274,58,1426,3,3,0
275,31,1436,1,1,0
276,4,1447,0,0,0
277,-19,1457,-1,-1,0
278,-35,1467,-2,-2,0
279,-52,1478,-2,-2,0
280,-64,1488,-3,-3,0
281,-73,1499,-3,-3,0
282,-75,1509,-3,-3,0
283,-74,1520,-3,-3,0
284,-72,1530,-3,-3,0
285,-65,1541,-3,-3,0
286,-55,1552,-3,-3,0
287,-41,1562,-2,-2,0
288,-26,1573,-1,-1,0
289,-13,1584,-1,-1,0
290,3,1595,0,0,0
291,19,1605,1,1,0
292,32,1616,2,2,0
293,47,1627,2,2,0
294,59,1638,3,3,0
295,65,1649,3,3,0
296,71,1660,4,4,0
297,75,1671,4,4,0
298,74,1682,4,4,0
299,68,1693,4,4,0
300,60,1704,3,3,0
301,47,1716,2,2,0
302,26,1727,1,1,0
303,6,1738,0,0,0
304,-16,1749,-1,-1,0
305,-41,1761,-2,-2,0
306,-71,1772,-4,-4,0
307,-103,1783,-6,-6,0
308,-136,1795,-7,-7,0
309,-168,1806,-9,-9,0
310,-200,1818,-11,-11,0
311,-229,1829,-13,-13,0
312,-259,1841,-15,-15,0
313,-286,1852,-16,-16,0
314,-309,1864,-18,-18,0
315,-330,1876,-19,-19,0
316,-344,1887,-20,-20,0
317,-353,1899,-20,-20,0
318,-361,1911,-21,-21,0
319,-358,1923,-21,-21,0
320,-353,1935,-21,-21,0
321,-342,1946,-20,-20,0
322,-321,1958,-19,-19,0
323,-300,1970,-18,-18,0
324,-273,1982,-17,-17,0
325,-242,1994,-15,-15,0
326,-205,2006,-13,-13,0
327,-164,2018,-10,-10,0
328,-120,2030,-7,-7,0
329,-76,2043,-5,-5,0
330,-29,2055,-2,-2,0
331,20,2067,1,1,0
332,66,2079,4,4,0
333,111,2091,7,7,0
334,154,2104,10,10,0
335,195,2116,13,13,0
336,232,2128,15,15,0
337,266,2141,17,17,0
338,296,2153,19,19,0
339,319,2166,21,21,0
340,337,2178,22,22,0
341,348,2191,23,23,0
342,358,2203,24,24,0
343,360,2216,24,24,0
344,353,2229,24,24,0
345,346,2241,24,24,0
346,333,2254,23,23,0
347,313,2267,22,22,0
348,289,2279,20,20,0
349,261,2292,18,18,0
350,234,2305,16,16,0
351,206,2318,15,15,0
352,172,2331,12,12,0
353,139,2344,10,10,0
354,109,2357,8,8,0
355,78,2370,6,6,0
356,48,2383,3,3,0
357,21,2396,2,2,0
358,-3,2409,0,0,0
359,-25,2422,-2,-2,0
360,-44,2435,-3,-3,0
361,-58,2449,-4,-4,0
362,-67,2462,-5,-5,0
363,-73,2475,-6,-6,0
364,-75,2488,-6,-6,0
365,-74,2502,-6,-6,0
366,-68,2515,-5,-5,0
367,-59,2528,-5,-5,0
368,-49,2542,-4,-4,0
369,-37,2555,-3,-3,0
370,-22,2569,-2,-2,0
371,-7,2582,-1,-1,0
372,10,2596,1,1,0
373,25,2609,2,2,0
374,38,2623,3,3,0
375,50,2637,4,4,0
376,61,2650,5,5,0
377,70,2664,6,6,0
378,73,2678,6,6,0
379,73,2692,6,6,0
380,70,2706,6,6,0
381,63,2719,5,5,0
382,52,2733,4,4,0
383,37,2747,3,3,0
384,19,2761,2,2,0
385,-1,2775,0,0,0
386,-25,2789,-2,-2,0
387,-54,2803,-5,-5,0
388,-83,2817,-7,-7,0
389,-113,2831,-10,-10,0
390,-147,2845,-13,-13,0
391,-178,2860,-16,-16,0
392,-208,2874,-18,-18,0
393,-241,2888,-21,-21,0
394,-270,2902,-24,-24,0
395,-294,2917,-26,-26,0
396,-318,2931,-28,-28,0
397,-336,2945,-30,-30,0
398,-347,2960,-31,-31,0
399,-356,2974,-32,-32,0
400,-360,2989,-33,-33,0
401,-358,3003,-33,-33,0
402,-349,3018,-32,-32,0
403,-336,3032,-31,-31,0
404,-316,3047,-29,-29,0
405,-290,3061,-27,-27,0
406,-261,3076,-25,-25,0
407,-226,3091,-21,-21,0
408,-188,3105,-18,-18,0
409,-148,3120,-14,-14,0
410,-106,3135,-10,-10,0
411,-58,3150,-6,-6,0
412,-11,3165,-1,-1,0
413,34,3179,3,3,0
414,81,3194,8,8,0
415,127,3209,12,12,0
416,169,3224,17,17,0
417,210,3239,21,21,0
418,246,3254,24,24,0
419,277,3269,28,28,0
420,304,3284,30,30,0
421,326,3299,33,33,0
422,342,3315,35,35,0
423,353,3330,36,36,0
424,360,3345,37,37,0
425,359,3360,37,37,0
426,352,3375,36,36,0
427,341,3391,35,35,0
428,324,3406,34,34,0
429,304,3421,32,32,0
430,279,3437,29,29,0
431,253,3452,27,27,0
432,225,3468,24,24,0
433,192,3483,20,20,0
434,161,3499,17,17,0
435,128,3514,14,14,0
436,95,3530,10,10,0
437,64,3545,7,7,0
438,35,3561,4,4,0
439,10,3577,1,1,0
440,-12,3592,-1,-1,0
441,-32,3608,-4,-4,0
442,-51,3624,-6,-6,0
443,-62,3640,-7,-7,0
444,-70,3655,-8,-8,0
445,-77,3671,-9,-9,0
446,-77,3687,-9,-9,0
447,-73,3703,-8,-8,0
448,-68,3719,-8,-8,0
449,-59,3735,-7,-7,0
450,-45,3751,-5,-5,0
451,-33,3767,-4,-4,0
452,-18,3783,-2,-2,0
453,-1,3799,0,0,0
454,16,3815,2,2,0
455,30,3831,4,4,0
456,43,3847,5,5,0
457,54,3864,6,6,0
458,62,3880,7,7,0
459,70,3896,8,8,0
460,74,3912,9,9,0
461,73,3929,9,9,0
462,70,3945,8,8,0
463,62,3961,7,7,0
464,49,3978,6,6,0
465,33,3994,4,4,0
466,13,4011,2,2,0
467,-9,4027,-1,-1,0
468,-35,4044,-4,-4,0
469,-63,4060,-8,-8,0
470,-93,4077,-12,-12,0
471,-128,4093,-16,-16,0
472,-160,4110,-20,-20,0
473,-191,4127,-24,-24,0
474,-222,4143,-28,-28,0
475,-251,4160,-32,-32,0
476,-279,4177,-36,-36,0
477,-304,4194,-39,-39,0
478,-325,4210,-42,-42,0
479,-340,4227,-44,-44,0
480,-350,4244,-45,-45,0
481,-357,4261,-46,-46,0
482,-359,4278,-47,-47,0
483,-356,4295,-47,-47,0
484,-345,4312,-45,-45,0
485,-329,4329,-43,-43,0
486,-309,4346,-41,-41,0
487,-280,4363,-37,-37,0
488,-250,4380,-33,-33,0
489,-213,4397,-29,-29,0
490,-173,4414,-23,-23,0
491,-131,4432,-18,-18,0
492,-85,4449,-12,-12,0
493,-40,4466,-5,-5,0
494,7,4483,1,1,0
495,53,4500,7,7,0
496,99,4518,14,14,0
497,143,4535,20,20,0
498,186,4553,26,26,0
499,226,4570,32,32,0
500,259,4587,36,36,0
501,287,4605,40,40,0
502,315,4622,44,44,0
503,333,4640,47,47,0
504,347,4657,49,49,0
505,357,4675,51,51,0
506,358,4692,51,51,0
507,355,4710,51,51,0
508,348,4728,50,50,0
509,336,4745,49,49,0
510,318,4763,46,46,0
511,296,4781,43,43,0
512,271,4799,40,40,0
513,243,4816,36,36,0
514,211,4834,31,31,0
515,180,4852,27,27,0
516,149,4870,22,22,0
517,116,4888,17,17,0
518,83,4906,12,12,0
519,53,4924,8,8,0
520,26,4942,4,4,0
521,3,4960,0,0,0
522,-20,4978,-3,-3,0
523,-39,4996,-6,-6,0
524,-54,5014,-8,-8,0
525,-65,5032,-10,-10,0
526,-72,5050,-11,-11,0
527,-76,5068,-12,-12,0
528,-74,5086,-11,-11,0
529,-70,5105,-11,-11,0
530,-62,5123,-10,-10,0
531,-51,5141,-8,-8,0
532,-41,5159,-6,-6,0
533,-28,5178,-4,-4,0
534,-12,5196,-2,-2,0
535,4,5214,1,1,0
536,21,5233,3,3,0
537,35,5251,6,6,0
538,46,5270,7,7,0
539,59,5288,10,10,0
540,69,5307,11,11,0
541,72,5325,12,12,0
542,74,5344,12,12,0
543,73,5362,12,12,0
544,66,5381,11,11,0
545,57,5400,9,9,0
546,44,5418,7,7,0
547,26,5437,4,4,0
548,6,5456,1,1,0
549,-19,5474,-3,-3,0
550,-46,5493,-8,-8,0
551,-75,5512,-13,-13,0
552,-105,5531,-18,-18,0
553,-138,5550,-23,-23,0
554,-170,5569,-29,-29,0
555,-202,5587,-34,-34,0
556,-234,5606,-40,-40,0
557,-261,5625,-45,-45,0
558,-286,5644,-49,-49,0
559,-312,5663,-54,-54,0
560,-332,5682,-58,-58,0
561,-345,5701,-60,-60,0
562,-356,5720,-62,-62,0
563,-362,5739,-63,-63,0
564,-360,5759,-63,-63,0
565,-352,5778,-62,-62,0
566,-340,5797,-60,-60,0
567,-322,5816,-57,-57,0
568,-299,5835,-53,-53,0
569,-270,5855,-48,-48,0
570,-236,5874,-42,-42,0
571,-201,5893,-36,-36,0
572,-159,5912,-29,-29,0
573,-113,5932,-20,-20,0
574,-69,5951,-13,-13,0
575,-24,5971,-4,-4,0
576,23,5990,4,4,0
577,72,6009,13,13,0
578,118,6029,22,22,0
579,160,6048,30,30,0
580,199,6068,37,37,0
581,236,6087,44,44,0
582,269,6107,50,50,0
583,297,6127,56,56,0
584,321,6146,60,60,0
585,339,6166,64,64,0
586,351,6185,66,66,0
587,359,6205,68,68,0
588,359,6225,68,68,0
589,354,6245,67,67,0
590,344,6264,66,66,0
591,328,6284,63,63,0
592,309,6304,59,59,0
593,286,6324,55,55,0
594,260,6344,50,50,0
595,233,6363,45,45,0
596,202,6383,39,39,0
597,169,6403,33,33,0
598,136,6423,27,27,0
599,103,6443,20,20,0
600,73,6463,14,14,0
601,45,6483,9,9,0
602,17,6503,3,3,0
603,-8,6523,-2,-2,0
604,-27,6543,-5,-5,0
605,-43,6563,-9,-9,0
606,-59,6584,-12,-12,0
607,-69,6604,-14,-14,0
608,-75,6624,-15,-15,0
609,-77,6644,-16,-16,0
610,-73,6664,-15,-15,0
611,-68,6685,-14,-14,0
612,-59,6705,-12,-12,0
613,-48,6725,-10,-10,0
614,-35,6745,-7,-7,0
615,-20,6766,-4,-4,0
616,-6,6786,-1,-1,0
617,10,6806,2,2,0
618,26,6827,5,5,0
619,39,6847,8,8,0
620,53,6868,11,11,0
621,61,6888,13,13,0
622,69,6909,15,15,0
623,73,6929,15,15,0
624,73,6950,15,15,0
625,71,6970,15,15,0
626,61,6991,13,13,0
627,52,7011,11,11,0
628,39,7032,8,8,0
629,20,7053,4,4,0
630,-4,7073,-1,-1,0
631,-31,7094,-7,-7,0
632,-56,7115,-12,-12,0
633,-86,7136,-19,-19,0
634,-119,7156,-26,-26,0
635,-152,7177,-33,-33,0
636,-182,7198,-40,-40,0
637,-214,7219,-47,-47,0
638,-245,7240,-54,-54,0
639,-272,7260,-60,-60,0
640,-296,7281,-66,-66,0
641,-319,7302,-71,-71,0
642,-335,7323,-75,-75,0
643,-348,7344,-78,-78,0
644,-358,7365,-80,-80,0
645,-362,7386,-82,-82,0
646,-357,7407,-81,-81,0
647,-347,7428,-79,-79,0
648,-333,7449,-76,-76,0
649,-313,7470,-71,-71,0
650,-289,7491,-66,-66,0
651,-261,7512,-60,-60,0
652,-225,7534,-52,-52,0
653,-186,7555,-43,-43,0
654,-145,7576,-34,-34,0
655,-99,7597,-23,-23,0
656,-52,7618,-12,-12,0
657,-8,7640,-2,-2,0
658,39,7661,9,9,0
659,86,7682,20,20,0
660,131,7703,31,31,0
661,174,7725,41,41,0
662,215,7746,51,51,0
663,250,7767,59,59,0
664,282,7789,67,67,0
665,309,7810,74,74,0
666,328,7832,78,78,0
667,343,7853,82,82,0
668,353,7875,85,85,0
669,356,7896,86,86,0
670,355,7918,86,86,0
671,350,7939,85,85,0
672,338,7961,82,82,0
673,322,7982,78,78,0
674,302,8004,74,74,0
675,277,8025,68,68,0
676,250,8047,61,61,0
677,220,8069,54,54,0
678,189,8090,47,47,0
679,157,8112,39,39,0
680,124,8134,31,31,0
681,95,8156,24,24,0
682,64,8177,16,16,0
683,34,8199,9,9,0
684,9,8221,2,2,0
685,-14,8243,-4,-4,0
686,-35,8264,-9,-9,0
687,-51,8286,-13,-13,0
688,-62,8308,-16,-16,0
689,-70,8330,-18,-18,0
690,-75,8352,-19,-19,0
691,-74,8374,-19,-19,0
692,-72,8396,-18,-18,0
693,-67,8418,-17,-17,0
694,-55,8440,-14,-14,0
695,-43,8462,-11,-11,0
696,-30,8484,-8,-8,0
697,-12,8506,-3,-3,0
698,3,8528,1,1,0
699,17,8550,4,4,0
700,31,8572,8,8,0
701,44,8594,12,12,0
702,56,8616,15,15,0
703,66,8638,17,17,0
704,72,8660,19,19,0
705,75,8683,20,20,0
706,72,8705,19,19,0
707,68,8727,18,18,0
708,63,8749,17,17,0
709,48,8771,13,13,0
710,32,8794,9,9,0
711,12,8816,3,3,0
712,-12,8838,-3,-3,0
713,-37,8861,-10,-10,0
714,-65,8883,-18,-18,0
715,-98,8905,-27,-27,0
716,-131,8928,-36,-36,0
717,-162,8950,-44,-44,0
718,-193,8972,-53,-53,0
719,-224,8995,-61,-61,0
720,-254,9017,-70,-70,0
721,-282,9040,-78,-78,0
722,-305,9062,-84,-84,0
723,-325,9085,-90,-90,0
724,-341,9107,-95,-95,0
725,-354,9130,-99,-99,0
726,-358,9152,-100,-100,0
727,-358,9175,-100,-100,0
728,-353,9197,-99,-99,0
729,-343,9220,-97,-97,0
730,-327,9243,-92,-92,0
731,-303,9265,-86,-86,0
732,-277,9288,-79,-79,0
733,-246,9311,-70,-70,0
734,-211,9333,-60,-60,0
735,-171,9356,-49,-49,0
736,-128,9379,-37,-37,0
737,-83,9401,-24,-24,0
738,-36,9424,-10,-10,0
739,10,9447,3,3,0
740,56,9470,16,16,0
741,103,9492,30,30,0
742,148,9515,43,43,0
743,190,9538,55,55,0
744,226,9561,66,66,0
745,260,9584,76,76,0
746,293,9607,86,86,0
747,317,9630,93,93,0
748,335,9652,99,99,0
749,350,9675,103,103,0
750,357,9698,106,106,0
751,358,9721,106,106,0
752,356,9744,106,106,0
753,346,9767,103,103,0
754,333,9790,99,99,0
755,318,9813,95,95,0
756,294,9836,88,88,0
757,265,9859,80,80,0
758,239,9882,72,72,0
759,210,9905,63,63,0
760,177,9929,54,54,0
761,145,9952,44,44,0
762,113,9975,34,34,0
763,81,9998,25,25,0
764,52,10021,16,16,0
765,24,10044,7,7,0
766,0,10067,0,0,0
767,-21,10091,-6,-6,0
768,-41,10114,-13,-13,0
769,-56,10137,-17,-17,0
770,-66,10160,-20,-20,0
771,-75,10184,-23,-23,0
772,-79,10207,-25,-25,0
773,-75,10230,-23,-23,0
774,-69,10253,-22,-22,0
775,-62,10277,-19,-19,0
776,-51,10300,-16,-16,0
777,-39,10323,-12,-12,0
778,-28,10347,-9,-9,0
779,-11,10370,-3,-3,0
780,8,10393,3,3,0
781,22,10417,7,7,0
782,36,10440,11,11,0
783,50,10464,16,16,0
784,61,10487,20,20,0
785,69,10511,22,22,0
786,73,10534,23,23,0
787,76,10558,24,24,0
788,75,10581,24,24,0
789,65,10605,21,21,0
790,57,10628,18,18,0
791,43,10652,14,14,0
792,24,10675,8,8,0
793,4,10699,1,1,0
794,-22,10722,-7,-7,0
795,-51,10746,-17,-17,0
796,-79,10770,-26,-26,0
797,-110,10793,-36,-36,0
798,-142,10817,-47,-47,0
799,-174,10840,-58,-58,0
800,-205,10864,-68,-68,0
801,-236,10888,-78,-78,0
802,-264,10911,-88,-88,0
803,-290,10935,-97,-97,0
804,-313,10959,-105,-105,0
805,-333,10983,-112,-112,0
806,-347,11006,-117,-117,0
807,-356,11030,-120,-120,0
808,-360,11054,-121,-121,0
809,-359,11078,-121,-121,0
810,-352,11101,-119,-119,0
811,-338,11125,-115,-115,0
812,-321,11149,-109,-109,0
813,-294,11173,-100,-100,0
814,-264,11197,-90,-90,0
815,-235,11220,-80,-80,0
816,-197,11244,-68,-68,0
817,-155,11268,-53,-53,0
818,-111,11292,-38,-38,0
819,-66,11316,-23,-23,0
820,-20,11340,-7,-7,0
821,29,11364,10,10,0
822,75,11388,26,26,0
823,118,11412,41,41,0
824,163,11436,57,57,0
825,203,11460,71,71,0
826,239,11484,84,84,0
827,274,11508,96,96,0
828,301,11532,106,106,0
829,323,11556,114,114,0
830,341,11580,121,121,0
831,351,11604,124,124,0
832,357,11628,127,127,0
833,358,11652,127,127,0
834,355,11676,126,126,0
835,345,11700,123,123,0
836,328,11724,117,117,0
837,307,11748,110,110,0
838,285,11772,102,102,0
839,258,11796,93,93,0
840,229,11820,83,83,0
841,198,11845,72,72,0
842,165,11869,60,60,0
843,133,11893,48,48,0
844,103,11917,37,37,0
845,73,11941,27,27,0
846,43,11965,16,16,0
847,13,11990,5,5,0
848,-10,12014,-4,-4,0
849,-28,12038,-10,-10,0
850,-47,12062,-17,-17,0
851,-62,12087,-23,-23,0
852,-69,12111,-26,-26,0
853,-75,12135,-28,-28,0
854,-77,12159,-29,-29,0
855,-73,12184,-27,-27,0
856,-67,12208,-25,-25,0
857,-60,12232,-22,-22,0
858,-48,12257,-18,-18,0
859,-33,12281,-12,-12,0
860,-18,12305,-7,-7,0
861,-2,12330,-1,-1,0
862,12,12354,5,5,0
863,26,12378,10,10,0
864,41,12403,16,16,0
865,54,12427,20,20,0
866,63,12451,24,24,0
867,70,12476,27,27,0
868,74,12500,28,28,0
869,74,12525,28,28,0
870,72,12549,28,28,0
871,64,12574,25,25,0
872,50,12598,19,19,0
873,35,12622,13,13,0
874,17,12647,7,7,0
875,-5,12671,-2,-2,0
876,-30,12696,-12,-12,0
877,-58,12720,-23,-23,0
878,-88,12745,-34,-34,0
879,-121,12769,-47,-47,0
880,-154,12794,-60,-60,0
881,-186,12818,-73,-73,0
882,-217,12843,-85,-85,0
883,-249,12867,-98,-98,0
884,-277,12892,-109,-109,0
885,-301,12917,-119,-119,0
886,-322,12941,-127,-127,0
887,-339,12966,-134,-134,0
888,-349,12990,-138,-138,0
889,-357,13015,-142,-142,0
890,-360,13039,-143,-143,0
891,-357,13064,-142,-142,0
892,-346,13089,-138,-138,0
893,-330,13113,-132,-132,0
894,-312,13138,-125,-125,0
895,-287,13163,-115,-115,0
896,-254,13187,-102,-102,0
897,-219,13212,-88,-88,0
898,-184,13237,-74,-74,0
899,-138,13261,-56,-56,0
900,-93,13286,-38,-38,0
901,-50,13311,-20,-20,0
902,-3,13335,-1,-1,0
903,44,13360,18,18,0
904,92,13385,38,38,0
905,138,13409,56,56,0
906,179,13434,73,73,0
907,218,13459,90,90,0
908,253,13484,104,104,0
909,284,13508,117,117,0
910,309,13533,128,128,0
911,329,13558,136,136,0
912,346,13583,143,143,0
913,359,13607,149,149,0
914,359,13632,149,149,0
915,357,13657,149,149,0
916,351,13682,147,147,0
917,339,13706,142,142,0
918,322,13731,135,135,0
919,299,13756,126,126,0
920,275,13781,116,116,0
921,248,13806,104,104,0
922,216,13830,91,91,0
923,185,13855,78,78,0
924,155,13880,66,66,0
925,122,13905,52,52,0
926,90,13930,38,38,0
927,60,13955,26,26,0
928,32,13980,14,14,0
929,6,14004,3,3,0
930,-18,14029,-8,-8,0
931,-37,14054,-16,-16,0
932,-54,14079,-23,-23,0
933,-65,14104,-28,-28,0
934,-70,14129,-30,-30,0
935,-76,14154,-33,-33,0
936,-74,14179,-32,-32,0
937,-69,14204,-30,-30,0
938,-63,14228,-27,-27,0
939,-53,14253,-23,-23,0
940,-41,14278,-18,-18,0
941,-27,14303,-12,-12,0
942,-15,14328,-7,-7,0
943,0,14353,0,0,0
944,17,14378,7,7,0
945,32,14403,14,14,0
946,45,14428,20,20,0
947,57,14453,25,25,0
948,66,14478,29,29,0
949,71,14503,31,31,0
950,73,14528,32,32,0
951,72,14553,32,32,0
952,68,14578,30,30,0
953,59,14603,26,26,0
954,45,14628,20,20,0
955,32,14653,14,14,0
956,12,14678,5,5,0
957,-14,14703,-6,-6,0
958,-40,14728,-18,-18,0
959,-71,14753,-32,-32,0
960,-102,14778,-46,-46,0
961,-134,14803,-61,-61,0
962,-165,14828,-75,-75,0
963,-197,14853,-89,-89,0
964,-228,14878,-104,-104,0
965,-255,14903,-116,-116,0
966,-283,14928,-129,-129,0
967,-308,14953,-141,-141,0
968,-328,14978,-150,-150,0
969,-343,15003,-157,-157,0
970,-352,15028,-161,-161,0
971,-359,15053,-165,-165,0
972,-360,15078,-166,-166,0
973,-353,15103,-163,-163,0
974,-342,15128,-158,-158,0
975,-325,15153,-150,-150,0
976,-303,15178,-140,-140,0
977,-275,15203,-128,-128,0
978,-242,15228,-112,-112,0
979,-205,15253,-95,-95,0
980,-164,15279,-76,-76,0
981,-124,15304,-58,-58,0
982,-79,15329,-37,-37,0
983,-30,15354,-14,-14,0
984,16,15379,8,8,0
985,61,15404,29,29,0
986,108,15429,51,51,0
987,151,15454,71,71,0
988,192,15479,91,91,0
989,232,15504,110,110,0
990,266,15529,126,126,0
991,293,15554,139,139,0
992,317,15580,151,151,0
993,335,15605,160,160,0
994,350,15630,167,167,0
995,358,15655,171,171,0
996,357,15680,171,171,0
997,354,15705,170,170,0
998,347,15730,167,167,0
999,331,15755,159,159,0
1000,314,15780,151,151,0
1001,293,15806,141,141,0
1002,264,15831,128,128,0
1003,235,15856,114,114,0
1004,206,15881,100,100,0
1005,174,15906,84,84,0
1006,141,15931,69,69,0
1007,109,15956,53,53,0
1008,77,15981,38,38,0
1009,48,16007,23,23,0
1010,21,16032,10,10,0
1011,-4,16057,-2,-2,0
1012,-25,16082,-12,-12,0
1013,-43,16107,-21,-21,0
1014,-58,16132,-29,-29,0
1015,-68,16157,-34,-34,0
1016,-72,16182,-36,-36,0
1017,-77,16208,-38,-38,0
1018,-74,16233,-37,-37,0
1019,-67,16258,-33,-33,0
1020,-61,16283,-30,-30,0
1021,-50,16308,-25,-25,0
1022,-36,16333,-18,-18,0
1023,-24,16358,-12,-12,0
1024,-8,16383,-4,-4,0
1025,9,16409,5,5,0
1026,23,16434,12,12,0
1027,38,16459,19,19,0
1028,52,16484,26,26,0
1029,59,16509,30,30,0
1030,68,16534,34,34,0
1031,73,16559,37,37,0
1032,75,16585,38,38,0
1033,74,16610,38,38,0
1034,67,16635,34,34,0
1035,54,16660,27,27,0
1036,41,16685,21,21,0
1037,23,16710,12,12,0
1038,2,16735,1,1,0
1039,-23,16760,-12,-12,0
1040,-52,16786,-27,-27,0
1041,-81,16811,-42,-42,0
1042,-111,16836,-57,-57,0
1043,-143,16861,-74,-74,0
1044,-177,16886,-91,-91,0
1045,-211,16911,-109,-109,0
1046,-240,16936,-124,-124,0
1047,-267,16961,-138,-138,0
1048,-293,16987,-152,-152,0
1049,-317,17012,-165,-165,0
1050,-336,17037,-175,-175,0
1051,-347,17062,-181,-181,0
1052,-357,17087,-186,-186,0
1053,-360,17112,-188,-188,0
1054,-359,17137,-188,-188,0
1055,-351,17162,-184,-184,0
1056,-335,17187,-176,-176,0
1057,-317,17213,-167,-167,0
1058,-293,17238,-154,-154,0
1059,-264,17263,-139,-139,0
1060,-229,17288,-121,-121,0
1061,-191,17313,-101,-101,0
1062,-152,17338,-80,-80,0
1063,-106,17363,-56,-56,0
1064,-59,17388,-31,-31,0
1065,-15,17413,-8,-8,0
1066,31,17438,16,16,0
1067,80,17463,43,43,0
1068,126,17488,67,67,0
1069,166,17514,89,89,0
1070,205,17539,110,110,0
1071,244,17564,131,131,0
1072,275,17589,148,148,0
1073,303,17614,163,163,0
1074,326,17639,175,175,0
1075,343,17664,185,185,0
1076,353,17689,191,191,0
1077,359,17714,194,194,0
1078,361,17739,195,195,0
1079,353,17764,191,191,0
1080,340,17789,185,185,0
1081,326,17814,177,177,0
1082,307,17839,167,167,0
1083,282,17864,154,154,0
1084,254,17889,139,139,0
1085,225,17914,123,123,0
1086,194,17939,106,106,0
1087,161,17964,88,88,0
1088,128,17989,70,70,0
1089,97,18014,53,53,0
1090,67,18039,37,37,0
1091,40,18064,22,22,0
1092,14,18089,8,8,0
1093,-12,18114,-7,-7,0
1094,-35,18139,-19,-19,0
1095,-50,18164,-28,-28,0
1096,-63,18189,-35,-35,0
1097,-71,18214,-39,-39,0
1098,-74,18239,-41,-41,0
1099,-75,18264,-42,-42,0
1100,-74,18289,-41,-41,0
1101,-67,18314,-37,-37,0
1102,-59,18339,-33,-33,0
1103,-46,18364,-26,-26,0
1104,-31,18389,-17,-17,0
1105,-20,18414,-11,-11,0
1106,-3,18439,-2,-2,0
1107,13,18464,7,7,0
1108,28,18489,16,16,0
1109,44,18514,25,25,0
1110,56,18539,32,32,0
1111,63,18563,36,36,0
1112,71,18588,40,40,0
1113,75,18613,43,43,0
1114,75,18638,43,43,0
1115,70,18663,40,40,0
1116,60,18688,34,34,0
1117,50,18713,29,29,0
1118,37,18738,21,21,0
1119,13,18763,7,7,0
1120,-9,18787,-5,-5,0
1121,-32,18812,-18,-18,0
1122,-63,18837,-36,-36,0
1123,-93,18862,-54,-54,0
1124,-124,18887,-71,-71,0
1125,-157,18912,-91,-91,0
1126,-189,18937,-109,-109,0
1127,-221,18961,-128,-128,0
1128,-250,18986,-145,-145,0
1129,-277,19011,-161,-161,0
1130,-303,19036,-176,-176,0
1131,-324,19061,-188,-188,0
1132,-339,19085,-197,-197,0
1133,-350,19110,-204,-204,0
1134,-356,19135,-208,-208,0
1135,-359,19160,-210,-210,0
1136,-355,19184,-208,-208,0
1137,-345,19209,-202,-202,0
1138,-330,19234,-194,-194,0
1139,-312,19259,-183,-183,0
1140,-283,19283,-167,-167,0
1141,-249,19308,-147,-147,0
1142,-216,19333,-127,-127,0
1143,-177,19358,-105,-105,0
1144,-134,19382,-79,-79,0
1145,-89,19407,-53,-53,0
1146,-44,19432,-26,-26,0
1147,1,19456,1,1,0
1148,49,19481,29,29,0
1149,96,19506,57,57,0
1150,140,19530,83,83,0
1151,182,19555,109,109,0
1152,221,19580,132,132,0
1153,256,19604,153,153,0
1154,286,19629,171,171,0
1155,309,19654,185,185,0
1156,331,19678,199,199,0
1157,347,19703,209,209,0
1158,357,19728,215,215,0
1159,359,19752,216,216,0
1160,355,19777,214,214,0
1161,350,19801,211,211,0
1162,337,19826,204,204,0
1163,316,19850,191,191,0
1164,299,19875,181,181,0
1165,275,19900,167,167,0
1166,243,19924,148,148,0
1167,213,19949,130,130,0
1168,183,19973,112,112,0
1169,150,19998,92,92,0
1170,118,20022,72,72,0
1171,88,20047,54,54,0
1172,56,20071,34,34,0
1173,26,20096,16,16,0
1174,2,20120,1,1,0
1175,-20,20145,-12,-12,0
1176,-38,20169,-23,-23,0
1177,-53,20193,-33,-33,0
1178,-65,20218,-40,-40,0
1179,-72,20242,-44,-44,0
1180,-75,20267,-46,-46,0
1181,-75,20291,-46,-46,0
1182,-72,20316,-45,-45,0
1183,-65,20340,-40,-40,0
1184,-54,20364,-34,-34,0
1185,-41,20389,-26,-26,0
1186,-27,20413,-17,-17,0
1187,-10,20437,-6,-6,0
1188,4,20462,2,2,0
1189,19,20486,12,12,0
1190,35,20510,22,22,0
1191,46,20535,29,29,0
1192,58,20559,36,36,0
1193,67,20583,42,42,0
1194,72,20608,45,45,0
1195,74,20632,47,47,0
1196,71,20656,45,45,0
1197,68,20680,43,43,0
1198,58,20705,37,37,0
1199,45,20729,28,28,0
1200,29,20753,18,18,0
1201,9,20777,6,6,0
1202,-15,20802,-10,-10,0
1203,-45,20826,-29,-29,0
1204,-75,20850,-48,-48,0
1205,-107,20874,-68,-68,0
1206,-137,20898,-87,-87,0
1207,-168,20922,-107,-107,0
1208,-201,20947,-128,-128,0
1209,-230,20971,-147,-147,0
1210,-261,20995,-167,-167,0
1211,-287,21019,-184,-184,0
1212,-309,21043,-198,-198,0
1213,-330,21067,-212,-212,0
1214,-345,21091,-222,-222,0
1215,-354,21115,-228,-228,0
1216,-361,21139,-233,-233,0
1217,-359,21163,-232,-232,0
1218,-352,21187,-228,-228,0
1219,-342,21211,-221,-221,0
1220,-323,21235,-209,-209,0
1221,-300,21259,-195,-195,0
1222,-273,21283,-177,-177,0
1223,-240,21307,-156,-156,0
1224,-203,21331,-132,-132,0
1225,-163,21355,-106,-106,0
1226,-119,21379,-78,-78,0
1227,-71,21403,-46,-46,0
1228,-27,21427,-18,-18,0
1229,20,21451,13,13,0
1230,68,21475,45,45,0
1231,115,21499,75,75,0
1232,158,21523,104,104,0
1233,197,21547,130,130,0
1234,233,21570,153,153,0
1235,269,21594,177,177,0
1236,298,21618,197,197,0
1237,321,21642,212,212,0
1238,339,21666,224,224,0
1239,351,21689,232,232,0
1240,358,21713,237,237,0
1241,359,21737,238,238,0
1242,352,21761,234,234,0
1243,345,21784,229,229,0
1244,333,21808,222,222,0
1245,312,21832,208,208,0
1246,290,21856,193,193,0
1247,261,21879,174,174,0
1248,231,21903,154,154,0
1249,205,21927,137,137,0
1250,173,21950,116,116,0
1251,138,21974,93,93,0
1252,105,21997,70,70,0
1253,75,22021,50,50,0
1254,46,22045,31,31,0
1255,18,22068,12,12,0
1256,-4,22092,-3,-3,0
1257,-24,22115,-16,-16,0
1258,-44,22139,-30,-30,0
1259,-59,22162,-40,-40,0
1260,-67,22186,-45,-45,0
1261,-73,22209,-49,-49,0
1262,-75,22233,-51,-51,0
1263,-74,22256,-50,-50,0
1264,-70,22280,-48,-48,0
1265,-61,22303,-42,-42,0
1266,-50,22327,-34,-34,0
1267,-37,22350,-25,-25,0
1268,-20,22374,-14,-14,0
1269,-7,22397,-5,-5,0
1270,11,22420,8,8,0
1271,27,22444,18,18,0
1272,39,22467,27,27,0
1273,51,22490,35,35,0
1274,62,22514,43,43,0
1275,69,22537,47,47,0
1276,73,22560,50,50,0
1277,75,22583,52,52,0
1278,72,22607,50,50,0
1279,66,22630,46,46,0
1280,54,22653,37,37,0
1281,38,22676,26,26,0
1282,20,22700,14,14,0
1283,-2,22723,-1,-1,0
1284,-28,22746,-19,-19,0
1285,-56,22769,-39,-39,0
1286,-86,22792,-60,-60,0
1287,-117,22815,-81,-81,0
1288,-146,22838,-102,-102,0
1289,-180,22862,-126,-126,0
1290,-212,22885,-148,-148,0
1291,-242,22908,-169,-169,0
1292,-270,22931,-189,-189,0
1293,-296,22954,-207,-207,0
1294,-319,22977,-224,-224,0
1295,-338,23000,-237,-237,0
1296,-350,23023,-246,-246,0
1297,-356,23046,-250,-250,0
1298,-359,23069,-253,-253,0
1299,-358,23092,-252,-252,0
1300,-349,23115,-246,-246,0
1301,-334,23137,-236,-236,0
1302,-316,23160,-223,-223,0
1303,-293,23183,-207,-207,0
1304,-260,23206,-184,-184,0
1305,-225,23229,-160,-160,0
1306,-188,23252,-133,-133,0
1307,-146,23275,-104,-104,0
1308,-103,23297,-73,-73,0
1309,-57,23320,-41,-41,0
1310,-9,23343,-6,-6,0
1311,38,23366,27,27,0
1312,84,23388,60,60,0
1313,131,23411,94,94,0
1314,174,23434,124,124,0
1315,211,23456,151,151,0
1316,248,23479,178,178,0
1317,278,23502,199,199,0
1318,305,23524,219,219,0
1319,327,23547,235,235,0
1320,343,23570,247,247,0
1321,355,23592,256,256,0
1322,361,23615,260,260,0
1323,358,23637,258,258,0
1324,350,23660,253,253,0
1325,339,23682,245,245,0
1326,324,23705,234,234,0
1327,303,23727,219,219,0
1328,279,23750,202,202,0
1329,252,23772,183,183,0
1330,222,23795,161,161,0
1331,193,23817,140,140,0
1332,162,23839,118,118,0
1333,128,23862,93,93,0
1334,93,23884,68,68,0
1335,64,23906,47,47,0
1336,36,23929,26,26,0
1337,9,23951,7,7,0
1338,-15,23973,-11,-11,0
1339,-34,23996,-25,-25,0
1340,-49,24018,-36,-36,0
1341,-62,24040,-45,-45,0
1342,-71,24062,-52,-52,0
1343,-76,24084,-56,-56,0
1344,-77,24107,-57,-57,0
1345,-73,24129,-54,-54,0
1346,-66,24151,-49,-49,0
1347,-57,24173,-42,-42,0
1348,-43,24195,-32,-32,0
1349,-30,24217,-22,-22,0
1350,-18,24239,-13,-13,0
1351,-1,24261,-1,-1,0
1352,17,24283,13,13,0
1353,30,24305,22,22,0
1354,41,24327,30,30,0
1355,58,24349,43,43,0
1356,66,24371,49,49,0
1357,69,24393,51,51,0
1358,75,24415,56,56,0
1359,73,24437,54,54,0
1360,68,24459,51,51,0
1361,62,24481,46,46,0
1362,48,24503,36,36,0
1363,32,24524,24,24,0
1364,13,24546,10,10,0
1365,-11,24568,-8,-8,0
1366,-37,24590,-28,-28,0
1367,-66,24611,-50,-50,0
1368,-97,24633,-73,-73,0
1369,-128,24655,-96,-96,0
1370,-159,24677,-120,-120,0
1371,-192,24698,-145,-145,0
1372,-222,24720,-167,-167,0
1373,-251,24742,-190,-190,0
1374,-281,24763,-212,-212,0
1375,-304,24785,-230,-230,0
1376,-324,24806,-245,-245,0
1377,-343,24828,-260,-260,0
1378,-354,24849,-268,-268,0
1379,-360,24871,-273,-273,0
1380,-359,24892,-273,-273,0
1381,-354,24914,-269,-269,0
1382,-345,24935,-263,-263,0
1383,-328,24957,-250,-250,0
1384,-306,24978,-233,-233,0
1385,-278,25000,-212,-212,0
1386,-248,25021,-189,-189,0
1387,-213,25042,-163,-163,0
1388,-173,25064,-132,-132,0
1389,-129,25085,-99,-99,0
1390,-85,25106,-65,-65,0
1391,-39,25127,-30,-30,0
1392,6,25149,5,5,0
1393,54,25170,41,41,0
1394,101,25191,78,78,0
1395,144,25212,111,111,0
1396,187,25233,144,144,0
1397,225,25255,173,173,0
1398,260,25276,201,201,0
1399,290,25297,224,224,0
1400,315,25318,243,243,0
1401,334,25339,258,258,0
1402,349,25360,270,270,0
1403,358,25381,277,277,0
1404,361,25402,280,280,0
1405,355,25423,275,275,0
1406,347,25444,269,269,0
1407,335,25465,260,260,0
1408,318,25486,247,247,0
1409,296,25507,230,230,0
1410,271,25527,211,211,0
1411,243,25548,189,189,0
1412,210,25569,164,164,0
1413,178,25590,139,139,0
1414,148,25611,116,116,0
1415,115,25631,90,90,0
1416,82,25652,64,64,0
1417,53,25673,42,42,0
1418,26,25694,20,20,0
1419,0,25714,0,0,0
1420,-22,25735,-17,-17,0
1421,-40,25756,-31,-31,0
1422,-55,25776,-43,-43,0
1423,-67,25797,-53,-53,0
1424,-73,25817,-58,-58,0
1425,-76,25838,-60,-60,0
1426,-76,25858,-60,-60,0
1427,-72,25879,-57,-57,0
1428,-63,25899,-50,-50,0
1429,-52,25920,-41,-41,0
1430,-39,25940,-31,-31,0
1431,-24,25961,-19,-19,0
1432,-10,25981,-8,-8,0
1433,5,26001,4,4,0
1434,21,26022,17,17,0
1435,33,26042,26,26,0
1436,47,26062,37,37,0
1437,58,26082,46,46,0
1438,66,26103,53,53,0
1439,73,26123,58,58,0
1440,76,26143,61,61,0
1441,72,26163,57,57,0
1442,65,26183,52,52,0
1443,56,26204,45,45,0
1444,43,26224,34,34,0
1445,25,26244,20,20,0
1446,4,26264,3,3,0
1447,-22,26284,-18,-18,0
1448,-47,26304,-38,-38,0
1449,-76,26324,-61,-61,0
1450,-106,26344,-85,-85,0
1451,-139,26364,-112,-112,0
1452,-174,26384,-140,-140,0
1453,-206,26404,-166,-166,0
1454,-236,26423,-190,-190,0
1455,-263,26443,-212,-212,0
1456,-287,26463,-232,-232,0
1457,-313,26483,-253,-253,0
1458,-333,26503,-269,-269,0
1459,-347,26522,-281,-281,0
1460,-357,26542,-289,-289,0
1461,-361,26562,-293,-293,0
1462,-360,26582,-292,-292,0
1463,-352,26601,-286,-286,0
1464,-338,26621,-275,-275,0
1465,-321,26640,-261,-261,0
1466,-297,26660,-242,-242,0
1467,-269,26680,-219,-219,0
1468,-235,26699,-191,-191,0
1469,-198,26719,-161,-161,0
1470,-159,26738,-130,-130,0
1471,-115,26758,-94,-94,0
1472,-68,26777,-56,-56,0
1473,-20,26796,-16,-16,0
1474,26,26816,21,21,0
1475,73,26835,60,60,0
1476,117,26855,96,96,0
1477,159,26874,130,130,0
1478,199,26893,163,163,0
1479,236,26912,194,194,0
1480,270,26932,222,222,0
1481,299,26951,246,246,0
1482,322,26970,265,265,0
1483,339,26989,279,279,0
1484,351,27008,289,289,0
1485,360,27028,297,297,0
1486,359,27047,296,296,0
1487,354,27066,292,292,0
1488,345,27085,285,285,0
1489,328,27104,271,271,0
1490,309,27123,256,256,0
1491,287,27142,238,238,0
1492,260,27161,216,216,0
1493,230,27180,191,191,0
1494,198,27198,164,164,0
1495,167,27217,139,139,0
1496,134,27236,111,111,0
1497,101,27255,84,84,0
1498,71,27274,59,59,0
1499,45,27293,37,37,0
1500,17,27311,14,14,0
1501,-8,27330,-7,-7,0
1502,-29,27349,-24,-24,0
1503,-45,27367,-38,-38,0
1504,-59,27386,-49,-49,0
1505,-69,27405,-58,-58,0
1506,-73,27423,-61,-61,0
1507,-75,27442,-63,-63,0
1508,-73,27460,-61,-61,0
1509,-67,27479,-56,-56,0
1510,-59,27497,-50,-50,0
1511,-47,27516,-39,-39,0
1512,-33,27534,-28,-28,0
1513,-19,27553,-16,-16,0
1514,-5,27571,-4,-4,0
1515,11,27589,9,9,0
1516,27,27608,23,23,0
1517,40,27626,34,34,0
1518,53,27644,45,45,0
1519,65,27662,55,55,0
1520,69,27681,58,58,0
1521,73,27699,62,62,0
1522,74,27717,63,63,0
1523,72,27735,61,61,0
1524,64,27753,54,54,0
1525,51,27771,43,43,0
1526,37,27789,31,31,0
1527,19,27807,16,16,0
1528,-5,27825,-4,-4,0
1529,-30,27843,-25,-25,0
1530,-59,27861,-50,-50,0
1531,-87,27879,-74,-74,0
1532,-120,27897,-102,-102,0
1533,-153,27915,-130,-130,0
1534,-183,27933,-156,-156,0
1535,-214,27951,-183,-183,0
1536,-245,27968,-209,-209,0
1537,-272,27986,-232,-232,0
1538,-298,28004,-255,-255,0
1539,-320,28022,-274,-274,0
1540,-336,28039,-288,-288,0
1541,-348,28057,-298,-298,0
1542,-356,28075,-305,-305,0
1543,-358,28092,-307,-307,0
1544,-353,28110,-303,-303,0
1545,-347,28127,-298,-298,0
1546,-334,28145,-287,-287,0
1547,-312,28162,-268,-268,0
1548,-287,28180,-247,-247,0
1549,-256,28197,-220,-220,0
1550,-220,28214,-189,-189,0
1551,-183,28232,-158,-158,0
1552,-142,28249,-122,-122,0
1553,-98,28267,-85,-85,0
1554,-52,28284,-45,-45,0
1555,-4,28301,-3,-3,0
1556,43,28318,37,37,0
1557,89,28335,77,77,0
1558,133,28353,115,115,0
1559,176,28370,152,152,0
1560,216,28387,187,187,0
1561,252,28404,218,218,0
1562,282,28421,245,245,0
1563,306,28438,266,266,0
1564,329,28455,286,286,0
1565,347,28472,302,302,0
1566,354,28489,308,308,0
1567,358,28506,311,311,0
1568,359,28523,312,312,0
1569,352,28540,307,307,0
1570,339,28557,295,295,0
1571,322,28573,281,281,0
1572,301,28590,263,263,0
1573,276,28607,241,241,0
1574,250,28624,218,218,0
1575,220,28640,192,192,0
1576,188,28657,164,164,0
1577,155,28674,136,136,0
1578,122,28690,107,107,0
1579,89,28707,78,78,0
1580,60,28723,53,53,0
1581,33,28740,29,29,0
1582,5,28756,4,4,0
1583,-17,28773,-15,-15,0
1584,-35,28789,-31,-31,0
1585,-52,28806,-46,-46,0
1586,-65,28822,-57,-57,0
1587,-72,28838,-63,-63,0
1588,-76,28855,-67,-67,0
1589,-77,28871,-68,-68,0
1590,-72,28887,-63,-63,0
1591,-65,28903,-57,-57,0
1592,-55,28920,-49,-49,0
1593,-43,28936,-38,-38,0
1594,-31,28952,-27,-27,0
1595,-16,28968,-14,-14,0
1596,1,28984,1,1,0
1597,18,29000,16,16,0
1598,30,29016,27,27,0
1599,42,29032,37,37,0
1600,55,29048,49,49,0
1601,66,29064,59,59,0
1602,72,29080,64,64,0
1603,74,29096,66,66,0
1604,73,29112,65,65,0
1605,67,29127,60,60,0
1606,60,29143,53,53,0
1607,48,29159,43,43,0
1608,31,29175,28,28,0
1609,10,29190,9,9,0
1610,-13,29206,-12,-12,0
1611,-38,29222,-34,-34,0
1612,-68,29237,-61,-61,0
1613,-97,29253,-87,-87,0
1614,-131,29268,-117,-117,0
1615,-163,29284,-146,-146,0
1616,-193,29299,-173,-173,0
1617,-227,29315,-203,-203,0
1618,-256,29330,-229,-229,0
1619,-283,29346,-253,-253,0
1620,-306,29361,-274,-274,0
1621,-327,29376,-293,-293,0
1622,-343,29392,-308,-308,0
1623,-352,29407,-316,-316,0
1624,-359,29422,-322,-322,0
1625,-360,29437,-323,-323,0
1626,-353,29452,-317,-317,0
1627,-342,29468,-308,-308,0
1628,-325,29483,-292,-292,0
1629,-305,29498,-275,-275,0
1630,-277,29513,-249,-249,0
1631,-246,29528,-222,-222,0
1632,-209,29543,-188,-188,0
1633,-168,29558,-152,-152,0
1634,-125,29573,-113,-113,0
1635,-79,29588,-71,-71,0
1636,-32,29602,-29,-29,0
1637,14,29617,13,13,0
1638,61,29632,55,55,0
1639,107,29647,97,97,0
1640,148,29662,134,134,0
1641,190,29676,172,172,0
1642,227,29691,206,206,0
1643,262,29706,238,238,0
1644,293,29720,266,266,0
1645,316,29735,287,287,0
1646,335,29749,304,304,0
1647,348,29764,316,316,0
1648,356,29778,324,324,0
1649,359,29793,326,326,0
1650,354,29807,322,322,0
1651,347,29822,316,316,0
1652,333,29836,303,303,0
1653,315,29850,287,287,0
1654,292,29865,266,266,0
1655,265,29879,242,242,0
1656,240,29893,219,219,0
1657,209,29907,191,191,0
1658,173,29922,158,158,0
1659,143,29936,131,131,0
1660,111,29950,101,101,0
1661,79,29964,72,72,0
1662,51,29978,47,47,0
1663,22,29992,20,20,0
1664,-2,30006,-2,-2,0
1665,-23,30020,-21,-21,0
1666,-42,30034,-38,-38,0
1667,-55,30048,-50,-50,0
1668,-64,30061,-59,-59,0
1669,-73,30075,-67,-67,0
1670,-75,30089,-69,-69,0
1671,-73,30103,-67,-67,0
1672,-71,30117,-65,-65,0
1673,-61,30130,-56,-56,0
1674,-48,30144,-44,-44,0
1675,-39,30158,-36,-36,0
1676,-25,30171,-23,-23,0
1677,-9,30185,-8,-8,0
1678,6,30198,6,6,0
1679,22,30212,20,20,0
1680,37,30225,34,34,0
1681,49,30239,45,45,0
1682,62,30252,57,57,0
1683,69,30265,64,64,0
1684,73,30279,67,67,0
1685,74,30292,68,68,0
1686,74,30305,68,68,0
1687,66,30318,61,61,0
1688,53,30332,49,49,0
1689,43,30345,40,40,0
1690,25,30358,23,23,0
1691,1,30371,1,1,0
1692,-22,30384,-20,-20,0
1693,-49,30397,-45,-45,0
1694,-79,30410,-73,-73,0
1695,-109,30423,-101,-101,0
1696,-143,30436,-133,-133,0
1697,-176,30449,-164,-164,0
1698,-207,30462,-192,-192,0
1699,-236,30475,-219,-219,0
1700,-266,30488,-247,-247,0
1701,-293,30500,-273,-273,0
1702,-314,30513,-292,-292,0
1703,-331,30526,-308,-308,0
1704,-346,30538,-322,-322,0
1705,-354,30551,-330,-330,0
1706,-358,30564,-334,-334,0
1707,-360,30576,-336,-336,0
1708,-351,30589,-328,-328,0
1709,-336,30601,-314,-314,0
1710,-318,30614,-297,-297,0
1711,-294,30626,-275,-275,0
1712,-265,30639,-248,-248,0
1713,-232,30651,-217,-217,0
1714,-194,30663,-182,-182,0
1715,-152,30676,-142,-142,0
1716,-110,30688,-103,-103,0
1717,-65,30700,-61,-61,0
1718,-19,30712,-18,-18,0
1719,28,30724,26,26,0
1720,78,30737,73,73,0
1721,122,30749,114,114,0
1722,164,30761,154,154,0
1723,205,30773,193,193,0
1724,241,30785,226,226,0
1725,273,30797,257,257,0
1726,300,30809,282,282,0
1727,323,30821,304,304,0
1728,341,30832,321,321,0
1729,353,30844,332,332,0
1730,357,30856,336,336,0
1731,357,30868,336,336,0
1732,352,30880,332,332,0
1733,342,30891,322,322,0
1734,325,30903,307,307,0
1735,306,30915,289,289,0
1736,283,30926,267,267,0
1737,256,30938,242,242,0
1738,228,30949,215,215,0
1739,198,30961,187,187,0
1740,165,30972,156,156,0
1741,132,30984,125,125,0
1742,100,30995,95,95,0
1743,69,31006,65,65,0
1744,40,31018,38,38,0
1745,14,31029,13,13,0
1746,-10,31040,-9,-9,0
1747,-31,31051,-29,-29,0
1748,-48,31063,-46,-46,0
1749,-60,31074,-57,-57,0
1750,-68,31085,-65,-65,0
1751,-75,31096,-71,-71,0
1752,-78,31107,-74,-74,0
1753,-73,31118,-69,-69,0
1754,-67,31129,-64,-64,0
1755,-59,31140,-56,-56,0
1756,-47,31151,-45,-45,0
1757,-35,31162,-33,-33,0
1758,-19,31172,-18,-18,0
1759,-2,31183,-2,-2,0
1760,13,31194,12,12,0
1761,28,31205,27,27,0
1762,41,31215,39,39,0
1763,54,31226,51,51,0
1764,63,31237,60,60,0
1765,70,31247,67,67,0
1766,75,31258,72,72,0
1767,74,31268,71,71,0
1768,72,31279,69,69,0
1769,65,31289,62,62,0
1770,51,31300,49,49,0
1771,36,31310,34,34,0
1772,16,31320,15,15,0
1773,-7,31331,-7,-7,0
1774,-30,31341,-29,-29,0
1775,-62,31351,-59,-59,0
1776,-92,31361,-88,-88,0
1777,-120,31372,-115,-115,0
1778,-156,31382,-149,-149,0
1779,-188,31392,-180,-180,0
1780,-217,31402,-208,-208,0
1781,-247,31412,-237,-237,0
1782,-275,31422,-264,-264,0
1783,-300,31432,-288,-288,0
1784,-321,31442,-308,-308,0
1785,-337,31452,-323,-323,0
1786,-349,31462,-335,-335,0
1787,-359,31471,-345,-345,0
1788,-359,31481,-345,-345,0
1789,-355,31491,-341,-341,0
1790,-348,31501,-335,-335,0
1791,-331,31510,-318,-318,0
1792,-310,31520,-298,-298,0
1793,-285,31529,-274,-274,0
1794,-253,31539,-244,-244,0
1795,-218,31549,-210,-210,0
1796,-179,31558,-172,-172,0
1797,-137,31568,-132,-132,0
1798,-92,31577,-89,-89,0
1799,-45,31586,-43,-43,0
1800,0,31596,0,0,0
1801,48,31605,46,46,0
1802,93,31614,90,90,0
1803,136,31624,131,131,0
1804,181,31633,175,175,0
1805,219,31642,211,211,0
1806,253,31651,244,244,0
1807,285,31660,275,275,0
1808,311,31669,301,301,0
1809,331,31678,320,320,0
1810,346,31687,335,335,0
1811,355,31696,343,343,0
1812,360,31705,348,348,0
1813,359,31714,347,347,0
1814,350,31723,339,339,0
1815,336,31732,325,325,0
1816,319,31740,309,309,0
1817,300,31749,291,291,0
1818,275,31758,267,267,0
1819,247,31767,239,239,0
1820,216,31775,209,209,0
1821,185,31784,179,179,0
1822,152,31792,147,147,0
1823,120,31801,116,116,0
1824,88,31809,85,85,0
1825,58,31818,56,56,0
1826,31,31826,30,30,0
1827,4,31835,4,4,0
1828,-19,31843,-18,-18,0
1829,-37,31851,-36,-36,0
1830,-53,31859,-52,-52,0
1831,-65,31868,-63,-63,0
1832,-71,31876,-69,-69,0
1833,-75,31884,-73,-73,0
1834,-75,31892,-73,-73,0
1835,-72,31900,-70,-70,0
1836,-64,31908,-62,-62,0
1837,-55,31916,-54,-54,0
1838,-43,31924,-42,-42,0
1839,-28,31932,-27,-27,0
1840,-12,31940,-12,-12,0
1841,4,31948,4,4,0
1842,18,31956,18,18,0
1843,31,31964,30,30,0
1844,45,31971,44,44,0
1845,58,31979,57,57,0
1846,67,31987,65,65,0
1847,71,31994,69,69,0
1848,74,32002,72,72,0
1849,74,32010,72,72,0
1850,68,32017,66,66,0
1851,58,32025,57,57,0
1852,45,32032,44,44,0
1853,29,32039,28,28,0
1854,10,32047,10,10,0
1855,-14,32054,-14,-14,0
1856,-42,32062,-41,-41,0
1857,-71,32069,-69,-69,0
1858,-100,32076,-98,-98,0
1859,-133,32083,-130,-130,0
1860,-166,32090,-163,-163,0
1861,-198,32098,-194,-194,0
1862,-230,32105,-225,-225,0
1863,-258,32112,-253,-253,0
1864,-286,32119,-280,-280,0
1865,-311,32126,-305,-305,0
1866,-329,32133,-323,-323,0
1867,-345,32140,-338,-338,0
1868,-356,32146,-349,-349,0
1869,-361,32153,-354,-354,0
1870,-360,32160,-353,-353,0
1871,-351,32167,-345,-345,0
1872,-340,32174,-334,-334,0
1873,-327,32180,-321,-321,0
1874,-303,32187,-298,-298,0
1875,-273,32193,-268,-268,0
1876,-239,32200,-235,-235,0
1877,-204,32207,-201,-201,0
1878,-166,32213,-163,-163,0
1879,-120,32220,-118,-118,0
1880,-76,32226,-75,-75,0
1881,-32,32232,-31,-31,0
1882,17,32239,17,17,0
1883,64,32245,63,63,0
1884,110,32251,108,108,0
1885,154,32258,152,152,0
1886,195,32264,192,192,0
1887,235,32270,231,231,0
1888,267,32276,263,263,0
1889,294,32282,290,290,0
1890,318,32288,313,313,0
1891,337,32294,332,332,0
1892,351,32300,346,346,0
1893,358,32306,353,353,0
1894,360,32312,355,355,0
1895,356,32318,351,351,0
1896,347,32324,342,342,0
1897,332,32329,328,328,0
1898,312,32335,308,308,0
1899,290,32341,286,286,0
1900,263,32347,260,260,0
1901,237,32352,234,234,0
1902,206,32358,203,203,0
1903,173,32363,171,171,0
1904,140,32369,138,138,0
1905,107,32374,106,106,0
1906,77,32380,76,76,0
1907,48,32385,47,47,0
1908,22,32391,22,22,0
1909,-4,32396,-4,-4,0
1910,-27,32401,-27,-27,0
1911,-43,32407,-43,-43,0
1912,-57,32412,-56,-56,0
1913,-68,32417,-67,-67,0
1914,-72,32422,-71,-71,0
1915,-77,32427,-76,-76,0
1916,-75,32432,-74,-74,0
1917,-66,32437,-65,-65,0
1918,-61,32442,-60,-60,0
1919,-51,32447,-51,-51,0
1920,-36,32452,-36,-36,0
1921,-22,32457,-22,-22,0
1922,-7,32462,-7,-7,0
1923,9,32467,9,9,0
1924,23,32472,23,23,0
1925,36,32476,36,36,0
1926,49,32481,49,49,0
1927,62,32486,61,61,0
1928,69,32490,68,68,0
1929,73,32495,72,72,0
1930,75,32499,74,74,0
1931,72,32504,71,71,0
1932,68,32508,67,67,0
1933,56,32513,56,56,0
1934,41,32517,41,41,0
1935,23,32521,23,23,0
1936,1,32526,1,1,0
1937,-25,32530,-25,-25,0
1938,-54,32534,-54,-54,0
1939,-83,32539,-82,-82,0
1940,-115,32543,-114,-114,0
1941,-145,32547,-144,-144,0
1942,-178,32551,-177,-177,0
1943,-213,32555,-212,-212,0
1944,-242,32559,-240,-240,0
1945,-269,32563,-267,-267,0
1946,-294,32567,-292,-292,0
1947,-316,32571,-314,-314,0
1948,-334,32575,-332,-332,0
1949,-349,32578,-347,-347,0
1950,-357,32582,-355,-355,0
1951,-360,32586,-358,-358,0
1952,-359,32590,-357,-357,0
1953,-350,32593,-348,-348,0
1954,-335,32597,-333,-333,0
1955,-318,32601,-316,-316,0
1956,-292,32604,-291,-291,0
1957,-262,32608,-261,-261,0
1958,-229,32611,-228,-228,0
1959,-190,32615,-189,-189,0
1960,-148,32618,-147,-147,0
1961,-105,32621,-105,-105,0
1962,-61,32625,-61,-61,0
1963,-13,32628,-13,-13,0
1964,34,32631,34,34,0
1965,80,32634,80,80,0
1966,127,32638,126,126,0
1967,169,32641,168,168,0
1968,209,32644,208,208,0
1969,246,32647,245,245,0
1970,278,32650,277,277,0
1971,304,32653,303,303,0
1972,325,32656,324,324,0
1973,342,32659,341,341,0
1974,353,32662,352,352,0
1975,359,32664,358,358,0
1976,359,32667,358,358,0
1977,353,32670,352,352,0
1978,341,32673,340,340,0
1979,325,32675,324,324,0
1980,305,32678,304,304,0
1981,280,32681,279,279,0
1982,253,32683,252,252,0
1983,225,32686,224,224,0
1984,194,32688,194,194,0
1985,160,32691,160,160,0
1986,128,32693,128,128,0
1987,98,32695,98,98,0
1988,66,32698,66,66,0
1989,36,32700,36,36,0
1990,10,32702,10,10,0
1991,-13,32704,-13,-13,0
1992,-32,32707,-32,-32,0
1993,-47,32709,-47,-47,0
1994,-60,32711,-60,-60,0
1995,-70,32713,-70,-70,0
1996,-75,32715,-75,-75,0
1997,-76,32717,-76,-76,0
1998,-73,32719,-73,-73,0
1999,-67,32721,-67,-67,0
2000,-57,32723,-57,-57,0
2001,-46,32724,-46,-46,0
2002,-33,32726,-33,-33,0
2003,-19,32728,-19,-19,0
2004,-1,32730,-1,-1,0
2005,16,32731,16,16,0
2006,29,32733,29,29,0
2007,42,32735,42,42,0
2008,55,32736,55,55,0
2009,63,32738,63,63,0
2010,69,32739,69,69,0
2011,74,32741,74,74,0
2012,75,32742,75,75,0
2013,71,32743,71,71,0
2014,61,32745,61,61,0
2015,48,32746,48,48,0
2016,33,32747,33,33,0
2017,14,32748,14,14,0
2018,-8,32750,-8,-8,0
2019,-35,32751,-35,-35,0
2020,-63,32752,-63,-63,0
2021,-94,32753,-94,-94,0
2022,-127,32754,-127,-127,0
2023,-157,32755,-157,-157,0
2024,-189,32756,-189,-189,0
2025,-222,32757,-222,-222,0
2026,-251,32758,-251,-251,0
2027,-277,32759,-277,-277,0
2028,-303,32759,-303,-303,0
2029,-326,32760,-326,-326,0
2030,-339,32761,-339,-339,0
2031,-350,32761,-350,-350,0
2032,-359,32762,-359,-359,0
2033,-360,32763,-360,-360,0
2034,-354,32763,-354,-354,0
2035,-344,32764,-344,-344,0
2036,-330,32764,-330,-330,0
2037,-308,32765,-308,-308,0
2038,-281,32765,-281,-281,0
2039,-250,32765,-250,-250,0
2040,-214,32766,-214,-214,0
2041,-176,32766,-176,-176,0
2042,-133,32766,-133,-133,0
2043,-88,32767,-88,-88,0
2044,-43,32767,-43,-43,0
2045,5,32767,5,5,0
2046,52,32767,52,52,0
2047,98,32767,98,98,0
2048,143,32767,143,143,0
2049,184,32767,184,184,0
2050,223,32767,223,223,0
2051,258,32767,258,258,0
2052,288,32767,288,288,0
2053,313,32767,313,313,0
2054,334,32766,334,334,0
2055,347,32766,347,347,0
2056,355,32766,355,355,0
2057,358,32765,358,358,0
2058,356,32765,356,356,0
2059,348,32765,348,348,0
2060,336,32764,336,336,0
2061,318,32764,318,318,0
2062,295,32763,295,295,0
2063,270,32763,270,270,0
2064,243,32762,243,243,0
2065,213,32761,213,213,0
2066,182,32761,182,182,0
2067,149,32760,149,149,0
2068,116,32759,116,116,0
2069,86,32759,86,86,0
2070,55,32758,55,55,0
2071,26,32757,26,26,0
2072,2,32756,2,2,0
2073,-19,32755,-19,-19,0
2074,-37,32754,-37,-37,0
2075,-53,32753,-53,-53,0
2076,-65,32752,-65,-65,0
2077,-73,32751,-73,-73,0
2078,-75,32750,-75,-75,0
2079,-72,32748,-72,-72,0
2080,-71,32747,-71,-71,0
2081,-64,32746,-64,-64,0
2082,-52,32745,-52,-52,0
2083,-39,32743,-39,-39,0
2084,-26,32742,-26,-26,0
2085,-12,32741,-12,-12,0
2086,3,32739,3,3,0
2087,20,32738,20,20,0
2088,34,32736,34,34,0
2089,47,32735,47,47,0
2090,58,32733,58,58,0
2091,66,32731,66,66,0
2092,72,32730,72,72,0
2093,74,32728,74,74,0
2094,72,32726,72,72,0
2095,67,32724,67,67,0
2096,58,32723,58,58,0
2097,44,32721,44,44,0
2098,26,32719,26,26,0
2099,7,32717,7,7,0
2100,-18,32715,-18,-18,0
2101,-45,32713,-45,-45,0
2102,-74,32711,-74,-74,0
2103,-106,32709,-106,-106,0
2104,-137,32707,-137,-137,0
2105,-169,32704,-169,-169,0
2106,-204,32702,-204,-204,0
2107,-234,32700,-234,-234,0
2108,-261,32698,-260,-260,0
2109,-286,32695,-285,-285,0
2110,-311,32693,-310,-310,0
2111,-331,32691,-330,-330,0
2112,-344,32688,-343,-343,0
2113,-354,32686,-353,-353,0
2114,-359,32683,-358,-358,0
2115,-358,32681,-357,-357,0
2116,-354,32678,-353,-353,0
2117,-343,32675,-342,-342,0
2118,-324,32673,-323,-323,0
2119,-299,32670,-298,-298,0
2120,-271,32667,-270,-270,0
2121,-238,32664,-237,-237,0
2122,-200,32662,-199,-199,0
2123,-161,32659,-160,-160,0
2124,-117,32656,-117,-117,0
2125,-70,32653,-70,-70,0
2126,-23,32650,-23,-23,0
2127,23,32647,23,23,0
2128,70,32644,70,70,0
2129,115,32641,115,115,0
2130,158,32638,157,157,0
2131,199,32634,198,198,0
2132,236,32631,235,235,0
2133,269,32628,268,268,0
2134,297,32625,296,296,0
2135,321,32621,320,320,0
2136,340,32618,338,338,0
2137,351,32615,349,349,0
2138,356,32611,354,354,0
2139,359,32608,357,357,0
2140,356,32604,354,354,0
2141,342,32601,340,340,0
2142,329,32597,327,327,0
2143,310,32593,308,308,0
2144,285,32590,283,283,0
2145,261,32586,260,260,0
2146,233,32582,232,232,0
2147,202,32578,201,201,0
2148,169,32575,168,168,0
2149,137,32571,136,136,0
2150,106,32567,105,105,0
2151,73,32563,73,73,0
2152,45,32559,45,45,0
2153,18,32555,18,18,0
2154,-7,32551,-7,-7,0
2155,-28,32547,-28,-28,0
2156,-46,32543,-46,-46,0
2157,-59,32539,-59,-59,0
2158,-67,32534,-67,-67,0
2159,-73,32530,-72,-72,0
2160,-75,32526,-74,-74,0
2161,-74,32521,-73,-73,0
2162,-70,32517,-69,-69,0
2163,-58,32513,-58,-58,0
2164,-47,32508,-47,-47,0
2165,-36,32504,-36,-36,0
2166,-21,32499,-21,-21,0
2167,-5,32495,-5,-5,0
2168,10,32490,10,10,0
2169,25,32486,25,25,0
2170,39,32481,39,39,0
2171,53,32476,53,53,0
2172,63,32472,62,62,0
2173,69,32467,68,68,0
2174,73,32462,72,72,0
2175,74,32457,73,73,0
2176,72,32452,71,71,0
2177,66,32447,65,65,0
2178,54,32442,53,53,0
2179,39,32437,39,39,0
2180,20,32432,20,20,0
2181,-1,32427,-1,-1,0
2182,-26,32422,-26,-26,0
2183,-56,32417,-55,-55,0
2184,-86,32412,-85,-85,0
2185,-117,32407,-116,-116,0
2186,-149,32401,-147,-147,0
2187,-182,32396,-180,-180,0
2188,-215,32391,-213,-213,0
2189,-244,32385,-241,-241,0
2190,-270,32380,-267,-267,0
2191,-296,32374,-292,-292,0
2192,-319,32369,-315,-315,0
2193,-334,32363,-330,-330,0
2194,-347,32358,-343,-343,0
2195,-357,32352,-352,-352,0
2196,-359,32347,-354,-354,0
2197,-357,32341,-352,-352,0
2198,-348,32335,-343,-343,0
2199,-333,32329,-329,-329,0
2200,-313,32324,-309,-309,0
2201,-289,32318,-285,-285,0
2202,-258,32312,-254,-254,0
2203,-225,32306,-222,-222,0
2204,-188,32300,-185,-185,0
2205,-145,32294,-143,-143,0
2206,-99,32288,-98,-98,0
2207,-55,32282,-54,-54,0
2208,-6,32276,-6,-6,0
2209,42,32270,41,41,0
2210,87,32264,86,86,0
2211,131,32258,129,129,0
2212,171,32251,168,168,0
2213,211,32245,208,208,0
2214,248,32239,244,244,0
2215,280,32232,275,275,0
2216,306,32226,301,301,0
2217,327,32220,322,322,0
2218,345,32213,339,339,0
2219,355,32207,349,349,0
2220,358,32200,352,352,0
2221,358,32193,352,352,0
2222,352,32187,346,346,0
2223,340,32180,334,334,0
2224,326,32174,320,320,0
2225,303,32167,297,297,0
2226,275,32160,270,270,0
2227,252,32153,247,247,0
2228,221,32146,217,217,0
2229,187,32140,183,183,0
2230,158,32133,155,155,0
2231,127,32126,125,125,0
2232,95,32119,93,93,0
2233,65,32112,64,64,0
2234,35,32105,34,34,0
2235,8,32098,8,8,0
2236,-14,32090,-14,-14,0
2237,-34,32083,-33,-33,0
2238,-52,32076,-51,-51,0
2239,-64,32069,-63,-63,0
2240,-72,32062,-70,-70,0
2241,-76,32054,-74,-74,0
2242,-76,32047,-74,-74,0
2243,-73,32039,-71,-71,0
2244,-64,32032,-63,-63,0
2245,-55,32025,-54,-54,0
2246,-45,32017,-44,-44,0
2247,-29,32010,-28,-28,0
2248,-16,32002,-16,-16,0
2249,-1,31994,-1,-1,0
2250,14,31987,14,14,0
2251,30,31979,29,29,0
2252,44,31971,43,43,0
2253,55,31964,54,54,0
2254,65,31956,63,63,0
2255,71,31948,69,69,0
2256,75,31940,73,73,0
2257,74,31932,72,72,0
2258,69,31924,67,67,0
2259,60,31916,58,58,0
2260,48,31908,47,47,0
2261,32,31900,31,31,0
2262,13,31892,13,13,0
2263,-10,31884,-10,-10,0
2264,-37,31876,-36,-36,0
2265,-66,31868,-64,-64,0
2266,-97,31859,-94,-94,0
2267,-128,31851,-124,-124,0
2268,-159,31843,-155,-155,0
2269,-192,31835,-187,-187,0
2270,-225,31826,-219,-219,0
2271,-255,31818,-248,-248,0
2272,-281,31809,-273,-273,0
2273,-304,31801,-295,-295,0
2274,-328,31792,-318,-318,0
2275,-343,31784,-333,-333,0
2276,-351,31775,-340,-340,0
2277,-360,31767,-349,-349,0
2278,-361,31758,-350,-350,0
2279,-355,31749,-344,-344,0
2280,-343,31740,-332,-332,0
2281,-327,31732,-317,-317,0
2282,-306,31723,-296,-296,0
2283,-278,31714,-269,-269,0
2284,-247,31705,-239,-239,0
2285,-212,31696,-205,-205,0
2286,-173,31687,-167,-167,0
2287,-130,31678,-126,-126,0
2288,-83,31669,-80,-80,0
2289,-37,31660,-36,-36,0
2290,10,31651,10,10,0
2291,57,31642,55,55,0
2292,103,31633,99,99,0
2293,147,31624,142,142,0
2294,189,31614,182,182,0
2295,227,31605,219,219,0
2296,260,31596,251,251,0
2297,289,31586,279,279,0
2298,315,31577,304,304,0
2299,336,31568,324,324,0
2300,349,31558,336,336,0
2301,357,31549,344,344,0
2302,360,31539,346,346,0
2303,356,31529,343,343,0
2304,347,31520,334,334,0
2305,335,31510,322,322,0
2306,317,31501,305,305,0
2307,295,31491,284,284,0
2308,269,31481,258,258,0
2309,239,31471,230,230,0
2310,209,31462,201,201,0
2311,178,31452,171,171,0
2312,146,31442,140,140,0
2313,114,31432,109,109,0
2314,83,31422,80,80,0
2315,52,31412,50,50,0
2316,24,31402,23,23,0
2317,-1,31392,-1,-1,0
2318,-24,31382,-23,-23,0
2319,-41,31372,-39,-39,0
2320,-54,31361,-52,-52,0
2321,-65,31351,-62,-62,0
2322,-75,31341,-72,-72,0
2323,-75,31331,-72,-72,0
2324,-73,31320,-70,-70,0
2325,-70,31310,-67,-67,0
2326,-61,31300,-58,-58,0
2327,-52,31289,-50,-50,0
2328,-40,31279,-38,-38,0
2329,-26,31268,-25,-25,0
2330,-11,31258,-10,-10,0
2331,8,31247,8,8,0
2332,22,31237,21,21,0
2333,34,31226,32,32,0
2334,48,31215,46,46,0
2335,60,31205,57,57,0
2336,68,31194,65,65,0
2337,73,31183,69,69,0
2338,75,31172,71,71,0
2339,72,31162,68,68,0
2340,66,31151,63,63,0
2341,55,31140,52,52,0
2342,41,31129,39,39,0
2343,26,31118,25,25,0
2344,4,31107,4,4,0
2345,-20,31096,-19,-19,0
2346,-46,31085,-44,-44,0
2347,-78,31074,-74,-74,0
2348,-109,31063,-103,-103,0
2349,-139,31051,-132,-132,0
2350,-172,31040,-163,-163,0
2351,-206,31029,-195,-195,0
2352,-236,31018,-223,-223,0
2353,-263,31006,-249,-249,0
2354,-289,30995,-273,-273,0
2355,-313,30984,-296,-296,0
2356,-331,30972,-313,-313,0
2357,-346,30961,-327,-327,0
2358,-357,30949,-337,-337,0
2359,-360,30938,-340,-340,0
2360,-358,30926,-338,-338,0
2361,-352,30915,-332,-332,0
2362,-339,30903,-320,-320,0
2363,-320,30891,-302,-302,0
2364,-296,30880,-279,-279,0
2365,-267,30868,-252,-252,0
2366,-234,30856,-220,-220,0
2367,-198,30844,-186,-186,0
2368,-156,30832,-147,-147,0
2369,-110,30821,-103,-103,0
2370,-65,30809,-61,-61,0
2371,-20,30797,-19,-19,0
2372,27,30785,25,25,0
2373,76,30773,71,71,0
2374,118,30761,111,111,0
2375,161,30749,151,151,0
2376,201,30737,189,189,0
2377,239,30724,224,224,0
2378,272,30712,255,255,0
2379,300,30700,281,281,0
2380,323,30688,302,302,0
2381,339,30676,317,317,0
2382,352,30663,329,329,0
2383,360,30651,337,337,0
2384,358,30639,335,335,0
2385,353,30626,330,330,0
2386,344,30614,321,321,0
2387,328,30601,306,306,0
2388,308,30589,288,288,0
2389,285,30576,266,266,0
2390,260,30564,243,243,0
2391,232,30551,216,216,0
2392,200,30538,186,186,0
2393,167,30526,156,156,0
2394,136,30513,127,127,0
2395,104,30500,97,97,0
2396,71,30488,66,66,0
2397,42,30475,39,39,0
2398,14,30462,13,13,0
2399,-10,30449,-9,-9,0
2400,-29,30436,-27,-27,0
2401,-46,30423,-43,-43,0
2402,-61,30410,-57,-57,0
2403,-69,30397,-64,-64,0
2404,-73,30384,-68,-68,0
2405,-75,30371,-70,-70,0
2406,-74,30358,-69,-69,0
2407,-70,30345,-65,-65,0
2408,-61,30332,-56,-56,0
2409,-47,30318,-43,-43,0
2410,-33,30305,-31,-31,0
2411,-19,30292,-18,-18,0
2412,-3,30279,-3,-3,0
2413,12,30265,11,11,0
2414,26,30252,24,24,0
2415,41,30239,38,38,0
2416,52,30225,48,48,0
2417,63,30212,58,58,0
2418,71,30198,65,65,0
2419,73,30185,67,67,0
2420,72,30171,66,66,0
2421,69,30158,64,64,0
2422,63,30144,58,58,0
2423,51,30130,47,47,0
2424,36,30117,33,33,0
2425,20,30103,18,18,0
2426,-3,30089,-3,-3,0
2427,-30,30075,-28,-28,0
2428,-61,30061,-56,-56,0
2429,-92,30048,-84,-84,0
2430,-120,30034,-110,-110,0
2431,-152,30020,-139,-139,0
2432,-185,30006,-169,-169,0
2433,-216,29992,-198,-198,0
2434,-246,29978,-225,-225,0
2435,-275,29964,-251,-251,0
2436,-299,29950,-273,-273,0
2437,-321,29936,-293,-293,0
2438,-340,29922,-310,-310,0
2439,-352,29907,-321,-321,0
2440,-358,29893,-327,-327,0
2441,-358,29879,-326,-326,0
2442,-354,29865,-323,-323,0
2443,-347,29850,-316,-316,0
2444,-333,29836,-303,-303,0
2445,-313,29822,-285,-285,0
2446,-287,29807,-261,-261,0
2447,-256,29793,-233,-233,0
2448,-220,29778,-200,-200,0
2449,-182,29764,-165,-165,0
2450,-139,29749,-126,-126,0
2451,-93,29735,-84,-84,0
2452,-48,29720,-44,-44,0
2453,-2,29706,-2,-2,0
2454,45,29691,41,41,0
2455,89,29676,81,81,0
2456,133,29662,120,120,0
2457,177,29647,160,160,0
2458,219,29632,198,198,0
2459,253,29617,229,229,0
2460,282,29602,255,255,0
2461,308,29588,278,278,0
2462,330,29573,298,298,0
2463,344,29558,310,310,0
2464,354,29543,319,319,0
2465,359,29528,324,324,0
2466,356,29513,321,321,0
2467,349,29498,314,314,0
2468,338,29483,304,304,0
2469,320,29468,288,288,0
2470,300,29452,270,270,0
2471,276,29437,248,248,0
2472,247,29422,222,222,0
2473,217,29407,195,195,0
2474,186,29392,167,167,0
2475,155,29376,139,139,0
2476,122,29361,109,109,0
2477,90,29346,81,81,0
2478,60,29330,54,54,0
2479,32,29315,29,29,0
2480,7,29299,6,6,0
2481,-15,29284,-13,-13,0
2482,-36,29268,-32,-32,0
2483,-51,29253,-46,-46,0
2484,-64,29237,-57,-57,0
2485,-72,29222,-64,-64,0
2486,-75,29206,-67,-67,0
2487,-75,29190,-67,-67,0
2488,-71,29175,-63,-63,0
2489,-64,29159,-57,-57,0
2490,-54,29143,-48,-48,0
2491,-42,29127,-37,-37,0
2492,-29,29112,-26,-26,0
2493,-13,29096,-12,-12,0
2494,1,29080,1,1,0
2495,16,29064,14,14,0
2496,33,29048,29,29,0
2497,45,29032,40,40,0
2498,56,29016,50,50,0
2499,67,29000,59,59,0
2500,71,28984,63,63,0
2501,74,28968,65,65,0
2502,74,28952,65,65,0
2503,68,28936,60,60,0
2504,60,28920,53,53,0
2505,48,28903,42,42,0
2506,32,28887,28,28,0
2507,11,28871,10,10,0
2508,-14,28855,-12,-12,0
2509,-41,28838,-36,-36,0
2510,-67,28822,-59,-59,0
2511,-99,28806,-87,-87,0
2512,-134,28789,-118,-118,0
2513,-163,28773,-143,-143,0
2514,-196,28756,-172,-172,0
2515,-228,28740,-200,-200,0
2516,-255,28723,-224,-224,0
2517,-282,28707,-247,-247,0
2518,-307,28690,-269,-269,0
2519,-327,28674,-286,-286,0
2520,-341,28657,-298,-298,0
2521,-352,28640,-308,-308,0
2522,-360,28624,-314,-314,0
2523,-360,28607,-314,-314,0
2524,-355,28590,-310,-310,0
2525,-344,28573,-300,-300,0
2526,-326,28557,-284,-284,0
2527,-302,28540,-263,-263,0
2528,-274,28523,-239,-239,0
2529,-244,28506,-212,-212,0
2530,-208,28489,-181,-181,0
2531,-167,28472,-145,-145,0
2532,-125,28455,-109,-109,0
2533,-80,28438,-69,-69,0
2534,-32,28421,-28,-28,0
2535,15,28404,13,13,0
2536,60,28387,52,52,0
2537,108,28370,94,94,0
2538,152,28353,132,132,0
2539,192,28335,166,166,0
2540,231,28318,200,200,0
2541,262,28301,226,226,0
2542,292,28284,252,252,0
2543,320,28267,276,276,0
2544,335,28249,289,289,0
2545,348,28232,300,300,0
2546,357,28214,307,307,0
2547,358,28197,308,308,0
2548,356,28180,306,306,0
2549,347,28162,298,298,0
2550,331,28145,284,284,0
2551,313,28127,269,269,0
2552,293,28110,251,251,0
2553,265,28092,227,227,0
2554,235,28075,201,201,0
2555,205,28057,176,176,0
2556,176,28039,151,151,0
2557,144,28022,123,123,0
2558,109,28004,93,93,0
2559,77,27986,66,66,0
2560,50,27968,43,43,0
2561,22,27951,19,19,0
2562,-5,27933,-4,-4,0
2563,-27,27915,-23,-23,0
2564,-42,27897,-36,-36,0
2565,-55,27879,-47,-47,0
2566,-67,27861,-57,-57,0
2567,-74,27843,-63,-63,0
2568,-76,27825,-65,-65,0
2569,-76,27807,-64,-64,0
2570,-71,27789,-60,-60,0
2571,-61,27771,-52,-52,0
2572,-48,27753,-41,-41,0
2573,-38,27735,-32,-32,0
2574,-25,27717,-21,-21,0
2575,-7,27699,-6,-6,0
2576,9,27681,8,8,0
2577,24,27662,20,20,0
2578,37,27644,31,31,0
2579,49,27626,41,41,0
2580,59,27608,50,50,0
2581,69,27589,58,58,0
2582,74,27571,62,62,0
2583,74,27553,62,62,0
2584,70,27534,59,59,0
2585,65,27516,55,55,0
2586,56,27497,47,47,0
2587,41,27479,34,34,0
2588,22,27460,18,18,0
2589,0,27442,0,0,0
2590,-23,27423,-19,-19,0
2591,-52,27405,-43,-43,0
2592,-81,27386,-68,-68,0
2593,-111,27367,-93,-93,0
2594,-144,27349,-120,-120,0
2595,-178,27330,-148,-148,0
2596,-210,27311,-175,-175,0
2597,-238,27293,-198,-198,0
2598,-267,27274,-222,-222,0
2599,-296,27255,-246,-246,0
2600,-316,27236,-263,-263,0
2601,-333,27217,-277,-277,0
2602,-348,27198,-289,-289,0
2603,-359,27180,-298,-298,0
2604,-361,27161,-299,-299,0
2605,-359,27142,-297,-297,0
2606,-352,27123,-291,-291,0
2607,-336,27104,-278,-278,0
2608,-318,27085,-263,-263,0
2609,-294,27066,-243,-243,0
2610,-264,27047,-218,-218,0
2611,-230,27028,-190,-190,0
2612,-193,27008,-159,-159,0
2613,-152,26989,-125,-125,0
2614,-109,26970,-90,-90,0
2615,-63,26951,-52,-52,0
2616,-16,26932,-13,-13,0
2617,32,26912,26,26,0
2618,79,26893,65,65,0
2619,122,26874,100,100,0
2620,166,26855,136,136,0
2621,207,26835,170,170,0
2622,243,26816,199,199,0
2623,275,26796,225,225,0
2624,303,26777,248,248,0
2625,325,26758,265,265,0
2626,340,26738,277,277,0
2627,351,26719,286,286,0
2628,357,26699,291,291,0
2629,359,26680,292,292,0
2630,354,26660,288,288,0
2631,341,26640,277,277,0
2632,327,26621,266,266,0
2633,306,26601,248,248,0
2634,281,26582,228,228,0
2635,254,26562,206,206,0
2636,225,26542,182,182,0
2637,196,26522,159,159,0
2638,163,26503,132,132,0
2639,130,26483,105,105,0
2640,99,26463,80,80,0
2641,67,26443,54,54,0
2642,41,26423,33,33,0
2643,13,26404,10,10,0
2644,-11,26384,-9,-9,0
2645,-32,26364,-26,-26,0
2646,-50,26344,-40,-40,0
2647,-62,26324,-50,-50,0
2648,-73,26304,-59,-59,0
2649,-77,26284,-62,-62,0
2650,-76,26264,-61,-61,0
2651,-74,26244,-59,-59,0
2652,-66,26224,-53,-53,0
2653,-58,26204,-46,-46,0
2654,-47,26183,-38,-38,0
2655,-33,26163,-26,-26,0
2656,-18,26143,-14,-14,0
2657,-3,26123,-2,-2,0
2658,11,26103,9,9,0
2659,29,26082,23,23,0
2660,45,26062,36,36,0
2661,53,26042,42,42,0
2662,63,26022,50,50,0
2663,71,26001,56,56,0
2664,75,25981,59,59,0
2665,75,25961,59,59,0
2666,70,25940,55,55,0
2667,63,25920,50,50,0
2668,51,25899,40,40,0
2669,37,25879,29,29,0
2670,18,25858,14,14,0
2671,-6,25838,-5,-5,0
2672,-33,25817,-26,-26,0
2673,-61,25797,-48,-48,0
2674,-92,25776,-72,-72,0
2675,-124,25756,-97,-97,0
2676,-155,25735,-122,-122,0
2677,-188,25714,-148,-148,0
2678,-220,25694,-173,-173,0
2679,-248,25673,-194,-194,0
2680,-277,25652,-217,-217,0
2681,-303,25631,-237,-237,0
2682,-324,25611,-253,-253,0
2683,-339,25590,-265,-265,0
2684,-350,25569,-273,-273,0
2685,-358,25548,-279,-279,0
2686,-361,25527,-281,-281,0
2687,-356,25507,-277,-277,0
2688,-345,25486,-268,-268,0
2689,-328,25465,-255,-255,0
2690,-310,25444,-241,-241,0
2691,-285,25423,-221,-221,0
2692,-252,25402,-195,-195,0
2693,-215,25381,-167,-167,0
2694,-176,25360,-136,-136,0
2695,-136,25339,-105,-105,0
2696,-90,25318,-70,-70,0
2697,-42,25297,-32,-32,0
2698,3,25276,2,2,0
2699,50,25255,39,39,0
2700,96,25233,74,74,0
2701,139,25212,107,107,0
2702,179,25191,138,138,0
2703,220,25170,169,169,0
2704,256,25149,196,196,0
2705,285,25127,219,219,0
2706,311,25106,238,238,0
2707,333,25085,255,255,0
2708,346,25064,265,265,0
2709,355,25042,271,271,0
2710,360,25021,275,275,0
2711,357,25000,272,272,0
2712,347,24978,265,265,0
2713,335,24957,255,255,0
2714,320,24935,244,244,0
2715,297,24914,226,226,0
2716,271,24892,206,206,0
2717,245,24871,186,186,0
2718,215,24849,163,163,0
2719,183,24828,139,139,0
2720,151,24806,114,114,0
2721,119,24785,90,90,0
2722,87,24763,66,66,0
2723,57,24742,43,43,0
2724,29,24720,22,22,0
2725,4,24698,3,3,0
2726,-18,24677,-14,-14,0
2727,-39,24655,-29,-29,0
2728,-55,24633,-41,-41,0
2729,-65,24611,-49,-49,0
2730,-73,24590,-55,-55,0
2731,-76,24568,-57,-57,0
2732,-75,24546,-56,-56,0
2733,-72,24524,-54,-54,0
2734,-64,24503,-48,-48,0
2735,-53,24481,-40,-40,0
2736,-42,24459,-31,-31,0
2737,-29,24437,-22,-22,0
2738,-12,24415,-9,-9,0
2739,6,24393,4,4,0
2740,18,24371,13,13,0
2741,33,24349,25,25,0
2742,48,24327,36,36,0
2743,59,24305,44,44,0
2744,66,24283,49,49,0
2745,71,24261,53,53,0
2746,73,24239,54,54,0
2747,73,24217,54,54,0
2748,69,24195,51,51,0
2749,57,24173,42,42,0
2750,45,24151,33,33,0
2751,28,24129,21,21,0
2752,8,24107,6,6,0
2753,-16,24084,-12,-12,0
2754,-44,24062,-32,-32,0
2755,-73,24040,-54,-54,0
2756,-105,24018,-77,-77,0
2757,-135,23996,-99,-99,0
2758,-166,23973,-121,-121,0
2759,-201,23951,-147,-147,0
2760,-231,23929,-169,-169,0
2761,-259,23906,-189,-189,0
2762,-287,23884,-209,-209,0
2763,-309,23862,-225,-225,0
2764,-330,23839,-240,-240,0
2765,-346,23817,-251,-251,0
2766,-353,23795,-256,-256,0
2767,-359,23772,-260,-260,0
2768,-359,23750,-260,-260,0
2769,-351,23727,-254,-254,0
2770,-340,23705,-246,-246,0
2771,-323,23682,-233,-233,0
2772,-302,23660,-218,-218,0
2773,-274,23637,-198,-198,0
2774,-239,23615,-172,-172,0
2775,-203,23592,-146,-146,0
2776,-163,23570,-117,-117,0
2777,-120,23547,-86,-86,0
2778,-74,23524,-53,-53,0
2779,-26,23502,-19,-19,0
2780,19,23479,14,14,0
2781,66,23456,47,47,0
2782,113,23434,81,81,0
2783,156,23411,111,111,0
2784,196,23388,140,140,0
2785,234,23366,167,167,0
2786,267,23343,190,190,0
2787,295,23320,210,210,0
2788,318,23297,226,226,0
2789,338,23275,240,240,0
2790,351,23252,249,249,0
2791,357,23229,253,253,0
2792,357,23206,253,253,0
2793,354,23183,250,250,0
2794,343,23160,242,242,0
2795,330,23137,233,233,0
2796,313,23115,221,221,0
2797,288,23092,203,203,0
2798,261,23069,184,184,0
2799,236,23046,166,166,0
2800,206,23023,145,145,0
2801,171,23000,120,120,0
2802,139,22977,97,97,0
2803,108,22954,76,76,0
2804,77,22931,54,54,0
2805,47,22908,33,33,0
2806,22,22885,15,15,0
2807,-4,22862,-3,-3,0
2808,-28,22838,-20,-20,0
2809,-46,22815,-32,-32,0
2810,-60,22792,-42,-42,0
2811,-67,22769,-47,-47,0
2812,-73,22746,-51,-51,0
2813,-76,22723,-53,-53,0
2814,-73,22700,-51,-51,0
2815,-67,22676,-46,-46,0
2816,-61,22653,-42,-42,0
2817,-52,22630,-36,-36,0
2818,-35,22607,-24,-24,0
2819,-21,22583,-14,-14,0
2820,-7,22560,-5,-5,0
2821,9,22537,6,6,0
2822,24,22514,16,16,0
2823,38,22490,26,26,0
2824,51,22467,35,35,0
2825,62,22444,42,42,0
2826,69,22420,47,47,0
2827,75,22397,51,51,0
2828,77,22374,53,53,0
2829,74,22350,50,50,0
2830,66,22327,45,45,0
2831,54,22303,37,37,0
2832,40,22280,27,27,0
2833,21,22256,14,14,0
2834,-2,22233,-1,-1,0
2835,-25,22209,-17,-17,0
2836,-54,22186,-37,-37,0
2837,-83,22162,-56,-56,0
2838,-114,22139,-77,-77,0
2839,-148,22115,-100,-100,0
2840,-181,22092,-122,-122,0
2841,-211,22068,-142,-142,0
2842,-242,22045,-163,-163,0
2843,-271,22021,-182,-182,0
2844,-294,21997,-197,-197,0
2845,-316,21974,-212,-212,0
2846,-336,21950,-225,-225,0
2847,-349,21927,-234,-234,0
2848,-357,21903,-239,-239,0
2849,-362,21879,-242,-242,0
2850,-359,21856,-239,-239,0
2851,-349,21832,-233,-233,0
2852,-334,21808,-222,-222,0
2853,-315,21784,-209,-209,0
2854,-291,21761,-193,-193,0
2855,-261,21737,-173,-173,0
2856,-225,21713,-149,-149,0
2857,-189,21689,-125,-125,0
2858,-147,21666,-97,-97,0
2859,-101,21642,-67,-67,0
2860,-59,21618,-39,-39,0
2861,-13,21594,-9,-9,0
2862,34,21570,22,22,0
2863,83,21547,55,55,0
2864,128,21523,84,84,0
2865,170,21499,112,112,0
2866,210,21475,138,138,0
2867,247,21451,162,162,0
2868,280,21427,183,183,0
2869,306,21403,200,200,0
2870,327,21379,213,213,0
2871,343,21355,224,224,0
2872,352,21331,229,229,0
2873,358,21307,233,233,0
2874,359,21283,233,233,0
2875,353,21259,229,229,0
2876,339,21235,220,220,0
2877,326,21211,211,211,0
2878,306,21187,198,198,0
2879,278,21163,180,180,0
2880,253,21139,163,163,0
2881,224,21115,144,144,0
2882,190,21091,122,122,0
2883,158,21067,102,102,0
2884,128,21043,82,82,0
2885,96,21019,62,62,0
2886,64,20995,41,41,0
2887,37,20971,24,24,0
2888,11,20947,7,7,0
2889,-15,20922,-10,-10,0
2890,-35,20898,-22,-22,0
2891,-50,20874,-32,-32,0
2892,-61,20850,-39,-39,0
2893,-69,20826,-44,-44,0
2894,-75,20802,-48,-48,0
2895,-76,20777,-48,-48,0
2896,-73,20753,-46,-46,0
2897,-66,20729,-42,-42,0
2898,-56,20705,-35,-35,0
2899,-47,20680,-30,-30,0
2900,-32,20656,-20,-20,0
2901,-17,20632,-11,-11,0
2902,0,20608,0,0,0
2903,16,20583,10,10,0
2904,29,20559,18,18,0
2905,42,20535,26,26,0
2906,55,20510,34,34,0
2907,66,20486,41,41,0
2908,72,20462,45,45,0
2909,73,20437,46,46,0
2910,74,20413,46,46,0
2911,70,20389,44,44,0
2912,61,20364,38,38,0
2913,49,20340,30,30,0
2914,33,20316,20,20,0
2915,14,20291,9,9,0
2916,-9,20267,-6,-6,0
2917,-36,20242,-22,-22,0
2918,-64,20218,-39,-39,0
2919,-93,20193,-57,-57,0
2920,-126,20169,-78,-78,0
2921,-159,20145,-98,-98,0
2922,-190,20120,-117,-117,0
2923,-222,20096,-136,-136,0
2924,-253,20071,-155,-155,0
2925,-279,20047,-171,-171,0
2926,-305,20022,-186,-186,0
2927,-326,19998,-199,-199,0
2928,-341,19973,-208,-208,0
2929,-353,19949,-215,-215,0
2930,-358,19924,-218,-218,0
2931,-358,19900,-217,-217,0
2932,-354,19875,-215,-215,0
2933,-344,19850,-208,-208,0
2934,-327,19826,-198,-198,0
2935,-307,19801,-186,-186,0
2936,-279,19777,-168,-168,0
2937,-247,19752,-149,-149,0
2938,-214,19728,-129,-129,0
2939,-173,19703,-104,-104,0
2940,-130,19678,-78,-78,0
2941,-86,19654,-52,-52,0
2942,-40,19629,-24,-24,0
2943,7,19604,4,4,0
2944,54,19580,32,32,0
2945,101,19555,60,60,0
2946,145,19530,86,86,0
2947,186,19506,111,111,0
2948,225,19481,134,134,0
2949,259,19456,154,154,0
2950,289,19432,171,171,0
2951,314,19407,186,186,0
2952,334,19382,198,198,0
2953,347,19358,205,205,0
2954,355,19333,209,209,0
2955,360,19308,212,212,0
2956,358,19283,211,211,0
2957,349,19259,205,205,0
2958,337,19234,198,198,0
2959,317,19209,186,186,0
2960,295,19184,173,173,0
2961,272,19160,159,159,0
2962,242,19135,141,141,0
2963,210,19110,122,122,0
2964,180,19085,105,105,0
2965,147,19061,86,86,0
2966,114,19036,66,66,0
2967,85,19011,49,49,0
2968,53,18986,31,31,0
2969,25,18961,14,14,0
2970,0,18937,0,0,0
2971,-23,18912,-13,-13,0
2972,-39,18887,-22,-22,0
2973,-54,18862,-31,-31,0
2974,-67,18837,-39,-39,0
2975,-73,18812,-42,-42,0
2976,-75,18787,-43,-43,0
2977,-74,18763,-42,-42,0
2978,-70,18738,-40,-40,0
2979,-64,18713,-37,-37,0
2980,-53,18688,-30,-30,0
2981,-37,18663,-21,-21,0
2982,-24,18638,-14,-14,0
2983,-12,18613,-7,-7,0
2984,5,18588,3,3,0
2985,22,18563,12,12,0
2986,35,18539,20,20,0
2987,46,18514,26,26,0
2988,60,18489,34,34,0
2989,68,18464,38,38,0
2990,69,18439,39,39,0
2991,74,18414,42,42,0
2992,73,18389,41,41,0
2993,68,18364,38,38,0
2994,58,18339,32,32,0
2995,46,18314,26,26,0
2996,27,18289,15,15,0
2997,4,18264,2,2,0
2998,-21,18239,-12,-12,0
2999,-47,18214,-26,-26,0
3000,-75,18189,-42,-42,0
3001,-106,18164,-59,-59,0
3002,-140,18139,-77,-77,0
3003,-172,18114,-95,-95,0
3004,-204,18089,-113,-113,0
3005,-235,18064,-130,-130,0
3006,-262,18039,-144,-144,0
3007,-287,18014,-158,-158,0
3008,-310,17989,-170,-170,0
3009,-330,17964,-181,-181,0
3010,-346,17939,-189,-189,0
3011,-354,17914,-194,-194,0
3012,-358,17889,-195,-195,0
3013,-359,17864,-196,-196,0
3014,-351,17839,-191,-191,0
3015,-339,17814,-184,-184,0
3016,-321,17789,-174,-174,0
3017,-298,17764,-162,-162,0
3018,-269,17739,-146,-146,0
3019,-235,17714,-127,-127,0
3020,-201,17689,-109,-109,0
3021,-160,17664,-86,-86,0
3022,-113,17639,-61,-61,0
3023,-68,17614,-37,-37,0
3024,-23,17589,-12,-12,0
3025,25,17564,13,13,0
3026,71,17539,38,38,0
3027,115,17514,61,61,0
3028,160,17488,85,85,0
3029,199,17463,106,106,0
3030,237,17438,126,126,0
3031,272,17413,145,145,0
3032,299,17388,159,159,0
3033,321,17363,170,170,0
3034,340,17338,180,180,0
3035,353,17313,187,187,0
3036,359,17288,189,189,0
3037,359,17263,189,189,0
3038,354,17238,186,186,0
3039,342,17213,180,180,0
3040,327,17187,172,172,0
3041,307,17162,161,161,0
3042,285,17137,149,149,0
3043,260,17112,136,136,0
3044,231,17087,120,120,0
3045,202,17062,105,105,0
3046,171,17037,89,89,0
3047,137,17012,71,71,0
3048,101,16987,52,52,0
3049,71,16961,37,37,0
3050,45,16936,23,23,0
3051,18,16911,9,9,0
3052,-6,16886,-3,-3,0
3053,-28,16861,-14,-14,0
3054,-45,16836,-23,-23,0
3055,-58,16811,-30,-30,0
3056,-68,16786,-35,-35,0
3057,-73,16760,-37,-37,0
3058,-75,16735,-38,-38,0
3059,-74,16710,-38,-38,0
3060,-68,16685,-35,-35,0
3061,-59,16660,-30,-30,0
3062,-49,16635,-25,-25,0
3063,-36,16610,-18,-18,0
3064,-20,16585,-10,-10,0
3065,-5,16559,-3,-3,0
3066,10,16534,5,5,0
3067,25,16509,13,13,0
3068,40,16484,20,20,0
3069,51,16459,26,26,0
3070,62,16434,31,31,0
3071,71,16409,36,36,0
3072,75,16383,37,37,0
3073,75,16358,37,37,0
3074,71,16333,35,35,0
3075,64,16308,32,32,0
3076,54,16283,27,27,0
3077,37,16258,18,18,0
3078,18,16233,9,9,0
3079,-4,16208,-2,-2,0
3080,-29,16182,-14,-14,0
3081,-56,16157,-28,-28,0
3082,-87,16132,-43,-43,0
3083,-119,16107,-58,-58,0
3084,-150,16082,-74,-74,0
3085,-183,16057,-90,-90,0
3086,-216,16032,-106,-106,0
3087,-245,16007,-120,-120,0
3088,-272,15981,-133,-133,0
3089,-297,15956,-145,-145,0
3090,-318,15931,-155,-155,0
3091,-336,15906,-163,-163,0
3092,-349,15881,-169,-169,0
3093,-355,15856,-172,-172,0
3094,-359,15831,-173,-173,0
3095,-358,15806,-173,-173,0
3096,-350,15780,-169,-169,0
3097,-336,15755,-162,-162,0
3098,-313,15730,-150,-150,0
3099,-288,15705,-138,-138,0
3100,-257,15680,-123,-123,0
3101,-221,15655,-106,-106,0
3102,-184,15630,-88,-88,0
3103,-144,15605,-69,-69,0
3104,-97,15580,-46,-46,0
3105,-50,15554,-24,-24,0
3106,-5,15529,-2,-2,0
3107,42,15504,20,20,0
3108,88,15479,42,42,0
3109,132,15454,62,62,0
3110,176,15429,83,83,0
3111,215,15404,101,101,0
3112,250,15379,117,117,0
3113,282,15354,132,132,0
3114,308,15329,144,144,0
3115,328,15304,153,153,0
3116,343,15279,160,160,0
3117,355,15253,165,165,0
3118,359,15228,167,167,0
3119,359,15203,167,167,0
3120,352,15178,163,163,0
3121,338,15153,156,156,0
3122,322,15128,149,149,0
3123,302,15103,139,139,0
3124,278,15078,128,128,0
3125,251,15053,115,115,0
3126,221,15028,101,101,0
3127,187,15003,86,86,0
3128,156,14978,71,71,0
3129,126,14953,57,57,0
3130,92,14928,42,42,0
3131,62,14903,28,28,0
3132,36,14878,16,16,0
3133,8,14853,4,4,0
3134,-15,14828,-7,-7,0
3135,-34,14803,-15,-15,0
3136,-50,14778,-23,-23,0
3137,-61,14753,-27,-27,0
3138,-70,14728,-31,-31,0
3139,-76,14703,-34,-34,0
3140,-75,14678,-34,-34,0
3141,-72,14653,-32,-32,0
3142,-65,14628,-29,-29,0
3143,-56,14603,-25,-25,0
3144,-44,14578,-20,-20,0
3145,-27,14553,-12,-12,0
3146,-11,14528,-5,-5,0
3147,2,14503,1,1,0
3148,17,14478,8,8,0
3149,32,14453,14,14,0
3150,46,14428,20,20,0
3151,57,14403,25,25,0
3152,63,14378,28,28,0
3153,71,14353,31,31,0
3154,74,14328,32,32,0
3155,72,14303,31,31,0
3156,68,14278,30,30,0
3157,60,14253,26,26,0
3158,49,14228,21,21,0
3159,32,14204,14,14,0
3160,11,14179,5,5,0
3161,-12,14154,-5,-5,0
3162,-38,14129,-16,-16,0
3163,-65,14104,-28,-28,0
3164,-98,14079,-42,-42,0
3165,-131,14054,-56,-56,0
3166,-162,14029,-69,-69,0
3167,-193,14004,-82,-82,0
3168,-225,13980,-96,-96,0
3169,-255,13955,-109,-109,0
3170,-282,13930,-120,-120,0
3171,-306,13905,-130,-130,0
3172,-326,13880,-138,-138,0
3173,-342,13855,-145,-145,0
3174,-354,13830,-149,-149,0
3175,-359,13806,-151,-151,0
3176,-359,13781,-151,-151,0
3177,-354,13756,-149,-149,0
3178,-344,13731,-144,-144,0
3179,-327,13706,-137,-137,0
3180,-303,13682,-127,-127,0
3181,-275,13657,-115,-115,0
3182,-246,13632,-102,-102,0
3183,-210,13607,-87,-87,0
3184,-171,13583,-71,-71,0
3185,-127,13558,-53,-53,0
3186,-81,13533,-33,-33,0
3187,-36,13508,-15,-15,0
3188,11,13484,5,5,0
3189,59,13459,24,24,0
3190,105,13434,43,43,0
3191,147,13409,60,60,0
3192,188,13385,77,77,0
3193,229,13360,93,93,0
3194,262,13335,107,107,0
3195,291,13311,118,118,0
3196,317,13286,129,129,0
3197,337,13261,136,136,0
3198,349,13237,141,141,0
3199,356,13212,144,144,0
3200,358,13187,144,144,0
3201,355,13163,143,143,0
3202,348,13138,140,140,0
3203,333,13113,133,133,0
3204,315,13089,126,126,0
3205,293,13064,117,117,0
3206,268,13039,107,107,0
3207,241,13015,96,96,0
3208,209,12990,83,83,0
3209,177,12966,70,70,0
3210,144,12941,57,57,0
3211,112,12917,44,44,0
3212,83,12892,33,33,0
3213,53,12867,21,21,0
3214,24,12843,9,9,0
3215,-1,12818,0,0,0
3216,-22,12794,-9,-9,0
3217,-42,12769,-16,-16,0
3218,-58,12745,-23,-23,0
3219,-66,12720,-26,-26,0
3220,-73,12696,-28,-28,0
3221,-78,12671,-30,-30,0
3222,-75,12647,-29,-29,0
3223,-68,12622,-26,-26,0
3224,-61,12598,-23,-23,0
3225,-52,12574,-20,-20,0
3226,-37,12549,-14,-14,0
3227,-22,12525,-8,-8,0
3228,-8,12500,-3,-3,0
3229,8,12476,3,3,0
3230,21,12451,8,8,0
3231,35,12427,13,13,0
3232,51,12403,19,19,0
3233,61,12378,23,23,0
3234,69,12354,26,26,0
3235,74,12330,28,28,0
3236,74,12305,28,28,0
3237,71,12281,27,27,0
3238,66,12257,25,25,0
3239,56,12232,21,21,0
3240,41,12208,15,15,0
3241,23,12184,9,9,0
3242,4,12159,1,1,0
3243,-21,12135,-8,-8,0
3244,-50,12111,-18,-18,0
3245,-79,12087,-29,-29,0
3246,-109,12062,-40,-40,0
3247,-141,12038,-52,-52,0
3248,-174,12014,-64,-64,0
3249,-205,11990,-75,-75,0
3250,-236,11965,-86,-86,0
3251,-266,11941,-97,-97,0
3252,-292,11917,-106,-106,0
3253,-315,11893,-114,-114,0
3254,-334,11869,-121,-121,0
3255,-347,11845,-125,-125,0
3256,-355,11820,-128,-128,0
3257,-362,11796,-130,-130,0
3258,-359,11772,-129,-129,0
3259,-349,11748,-125,-125,0
3260,-338,11724,-121,-121,0
3261,-321,11700,-115,-115,0
3262,-296,11676,-105,-105,0
3263,-267,11652,-95,-95,0
3264,-233,11628,-83,-83,0
3265,-193,11604,-68,-68,0
3266,-152,11580,-54,-54,0
3267,-111,11556,-39,-39,0
3268,-66,11532,-23,-23,0
3269,-17,11508,-6,-6,0
3270,31,11484,11,11,0
3271,73,11460,26,26,0
3272,120,11436,42,42,0
3273,165,11412,57,57,0
3274,204,11388,71,71,0
3275,241,11364,84,84,0
3276,274,11340,95,95,0
3277,302,11316,104,104,0
3278,322,11292,111,111,0
3279,339,11268,117,117,0
3280,354,11244,121,121,0
3281,358,11220,123,123,0
3282,357,11197,122,122,0
3283,352,11173,120,120,0
3284,343,11149,117,117,0
3285,328,11125,111,111,0
3286,305,11101,103,103,0
3287,283,11078,96,96,0
3288,258,11054,87,87,0
3289,229,11030,77,77,0
3290,198,11006,67,67,0
3291,166,10983,56,56,0
3292,132,10959,44,44,0
3293,100,10935,33,33,0
3294,70,10911,23,23,0
3295,41,10888,14,14,0
3296,14,10864,5,5,0
3297,-10,10840,-3,-3,0
3298,-29,10817,-10,-10,0
3299,-47,10793,-15,-15,0
3300,-60,10770,-20,-20,0
3301,-69,10746,-23,-23,0
3302,-75,10722,-25,-25,0
3303,-76,10699,-25,-25,0
3304,-71,10675,-23,-23,0
3305,-66,10652,-21,-21,0
3306,-59,10628,-19,-19,0
3307,-47,10605,-15,-15,0
3308,-34,10581,-11,-11,0
3309,-17,10558,-5,-5,0
3310,-1,10534,0,0,0
3311,12,10511,4,4,0
3312,27,10487,9,9,0
3313,41,10464,13,13,0
3314,53,10440,17,17,0
3315,61,10417,19,19,0
3316,68,10393,22,22,0
3317,74,10370,23,23,0
3318,73,10347,23,23,0
3319,70,10323,22,22,0
3320,65,10300,20,20,0
3321,52,10277,16,16,0
3322,35,10253,11,11,0
3323,17,10230,5,5,0
3324,-6,10207,-2,-2,0
3325,-32,10184,-10,-10,0
3326,-61,10160,-19,-19,0
3327,-92,10137,-28,-28,0
3328,-123,10114,-38,-38,0
3329,-154,10091,-47,-47,0
3330,-184,10067,-57,-57,0
3331,-217,10044,-67,-67,0
3332,-248,10021,-76,-76,0
3333,-276,9998,-84,-84,0
3334,-300,9975,-91,-91,0
3335,-319,9952,-97,-97,0
3336,-338,9929,-102,-102,0
3337,-352,9905,-106,-106,0
3338,-358,9882,-108,-108,0
3339,-361,9859,-109,-109,0
3340,-356,9836,-107,-107,0
3341,-347,9813,-104,-104,0
3342,-332,9790,-99,-99,0
3343,-312,9767,-93,-93,0
3344,-287,9744,-85,-85,0
3345,-254,9721,-75,-75,0
3346,-219,9698,-65,-65,0
3347,-181,9675,-53,-53,0
3348,-138,9652,-41,-41,0
3349,-94,9630,-28,-28,0
3350,-46,9607,-13,-13,0
3351,-2,9584,-1,-1,0
3352,44,9561,13,13,0
3353,93,9538,27,27,0
3354,137,9515,40,40,0
3355,177,9492,51,51,0
3356,218,9470,63,63,0
3357,253,9447,73,73,0
3358,283,9424,81,81,0
3359,311,9401,89,89,0
3360,330,9379,94,94,0
3361,345,9356,99,99,0
3362,356,9333,101,101,0
3363,358,9311,102,102,0
3364,357,9288,101,101,0
3365,351,9265,99,99,0
3366,336,9243,95,95,0
3367,317,9220,89,89,0
3368,299,9197,84,84,0
3369,275,9175,77,77,0
3370,246,9152,69,69,0
3371,216,9130,60,60,0
3372,186,9107,52,52,0
3373,155,9085,43,43,0
3374,120,9062,33,33,0
3375,89,9040,25,25,0
3376,58,9017,16,16,0
3377,28,8995,8,8,0
3378,6,8972,2,2,0
3379,-18,8950,-5,-5,0
3380,-40,8928,-11,-11,0
3381,-53,8905,-14,-14,0
3382,-65,8883,-18,-18,0
3383,-72,8861,-19,-19,0
3384,-74,8838,-20,-20,0
3385,-74,8816,-20,-20,0
3386,-72,8794,-19,-19,0
3387,-65,8771,-17,-17,0
3388,-55,8749,-15,-15,0
3389,-42,8727,-11,-11,0
3390,-29,8705,-8,-8,0
3391,-15,8683,-4,-4,0
3392,3,8660,1,1,0
3393,19,8638,5,5,0
3394,33,8616,9,9,0
3395,47,8594,12,12,0
3396,58,8572,15,15,0
3397,66,8550,17,17,0
3398,71,8528,18,18,0
3399,74,8506,19,19,0
3400,73,8484,19,19,0
3401,69,8462,18,18,0
3402,60,8440,15,15,0
3403,47,8418,12,12,0
3404,30,8396,8,8,0
3405,10,8374,3,3,0
3406,-14,8352,-4,-4,0
3407,-39,8330,-10,-10,0
3408,-71,8308,-18,-18,0
3409,-103,8286,-26,-26,0
3410,-133,8264,-34,-34,0
3411,-165,8243,-42,-42,0
3412,-196,8221,-49,-49,0
3413,-228,8199,-57,-57,0
3414,-259,8177,-65,-65,0
3415,-284,8156,-71,-71,0
3416,-307,8134,-76,-76,0
3417,-328,8112,-81,-81,0
3418,-342,8090,-84,-84,0
3419,-353,8069,-87,-87,0
3420,-361,8047,-89,-89,0
3421,-359,8025,-88,-88,0
3422,-352,8004,-86,-86,0
3423,-342,7982,-83,-83,0
3424,-324,7961,-79,-79,0
3425,-301,7939,-73,-73,0
3426,-274,7918,-66,-66,0
3427,-241,7896,-58,-58,0
3428,-204,7875,-49,-49,0
3429,-164,7853,-39,-39,0
3430,-121,7832,-29,-29,0
3431,-77,7810,-18,-18,0
3432,-30,7789,-7,-7,0
3433,16,7767,4,4,0
3434,61,7746,14,14,0
3435,110,7725,26,26,0
3436,152,7703,36,36,0
3437,193,7682,45,45,0
3438,232,7661,54,54,0
3439,265,7640,62,62,0
3440,294,7618,68,68,0
3441,319,7597,74,74,0
3442,338,7576,78,78,0
3443,350,7555,81,81,0
3444,357,7534,82,82,0
3445,361,7512,83,83,0
3446,357,7491,82,82,0
3447,345,7470,79,79,0
3448,330,7449,75,75,0
3449,312,7428,71,71,0
3450,289,7407,65,65,0
3451,262,7386,59,59,0
3452,236,7365,53,53,0
3453,207,7344,46,46,0
3454,173,7323,39,39,0
3455,143,7302,32,32,0
3456,110,7281,24,24,0
3457,78,7260,17,17,0
3458,49,7240,11,11,0
3459,23,7219,5,5,0
3460,-1,7198,0,0,0
3461,-24,7177,-5,-5,0
3462,-44,7156,-10,-10,0
3463,-59,7136,-13,-13,0
3464,-68,7115,-15,-15,0
3465,-74,7094,-16,-16,0
3466,-74,7073,-16,-16,0
3467,-73,7053,-16,-16,0
3468,-70,7032,-15,-15,0
3469,-61,7011,-13,-13,0
3470,-50,6991,-11,-11,0
3471,-37,6970,-8,-8,0
3472,-22,6950,-5,-5,0
3473,-6,6929,-1,-1,0
3474,9,6909,2,2,0
3475,24,6888,5,5,0
3476,36,6868,8,8,0
3477,49,6847,10,10,0
3478,61,6827,13,13,0
3479,68,6806,14,14,0
3480,74,6786,15,15,0
3481,76,6766,16,16,0
3482,73,6745,15,15,0
3483,65,6725,13,13,0
3484,54,6705,11,11,0
3485,42,6685,9,9,0
3486,21,6664,4,4,0
3487,0,6644,0,0,0
3488,-24,6624,-5,-5,0
3489,-52,6604,-10,-10,0
3490,-81,6584,-16,-16,0
3491,-112,6563,-22,-22,0
3492,-145,6543,-29,-29,0
3493,-177,6523,-35,-35,0
3494,-209,6503,-41,-41,0
3495,-240,6483,-47,-47,0
3496,-268,6463,-53,-53,0
3497,-294,6443,-58,-58,0
3498,-317,6423,-62,-62,0
3499,-335,6403,-65,-65,0
3500,-348,6383,-68,-68,0
3501,-355,6363,-69,-69,0
3502,-360,6344,-70,-70,0
3503,-358,6324,-69,-69,0
3504,-349,6304,-67,-67,0
3505,-335,6284,-64,-64,0
3506,-316,6264,-60,-60,0
3507,-292,6245,-56,-56,0
3508,-264,6225,-50,-50,0
3509,-230,6205,-44,-44,0
3510,-190,6185,-36,-36,0
3511,-148,6166,-28,-28,0
3512,-108,6146,-20,-20,0
3513,-62,6127,-12,-12,0
3514,-14,6107,-3,-3,0
3515,35,6087,7,7,0
3516,79,6068,15,15,0
3517,123,6048,23,23,0
3518,169,6029,31,31,0
3519,210,6009,39,39,0
3520,246,5990,45,45,0
3521,276,5971,50,50,0
3522,304,5951,55,55,0
3523,327,5932,59,59,0
3524,342,5912,62,62,0
3525,353,5893,63,63,0
3526,358,5874,64,64,0
3527,359,5855,64,64,0
3528,353,5835,63,63,0
3529,341,5816,61,61,0
3530,326,5797,58,58,0
3531,307,5778,54,54,0
3532,284,5759,50,50,0
3533,256,5739,45,45,0
3534,224,5720,39,39,0
3535,194,5701,34,34,0
3536,162,5682,28,28,0
3537,131,5663,23,23,0
3538,99,5644,17,17,0
3539,66,5625,11,11,0
3540,37,5606,6,6,0
3541,12,5587,2,2,0
3542,-12,5569,-2,-2,0
3543,-31,5550,-5,-5,0
3544,-48,5531,-8,-8,0
3545,-61,5512,-10,-10,0
3546,-69,5493,-12,-12,0
3547,-74,5474,-12,-12,0
3548,-75,5456,-12,-12,0
3549,-74,5437,-12,-12,0
3550,-68,5418,-11,-11,0
3551,-57,5400,-9,-9,0
3552,-46,5381,-8,-8,0
3553,-32,5362,-5,-5,0
3554,-19,5344,-3,-3,0
3555,-2,5325,0,0,0
3556,15,5307,2,2,0
3557,29,5288,5,5,0
3558,44,5270,7,7,0
3559,55,5251,9,9,0
3560,63,5233,10,10,0
3561,70,5214,11,11,0
3562,74,5196,12,12,0
3563,74,5178,12,12,0
3564,70,5159,11,11,0
3565,62,5141,10,10,0
3566,49,5123,8,8,0
3567,35,5105,5,5,0
3568,15,5086,2,2,0
3569,-9,5068,-1,-1,0
3570,-32,5050,-5,-5,0
3571,-62,5032,-10,-10,0
3572,-93,5014,-14,-14,0
3573,-124,4996,-19,-19,0
3574,-156,4978,-24,-24,0
3575,-190,4960,-29,-29,0
3576,-221,4942,-33,-33,0
3577,-250,4924,-38,-38,0
3578,-278,4906,-42,-42,0
3579,-302,4888,-45,-45,0
3580,-322,4870,-48,-48,0
3581,-341,4852,-50,-50,0
3582,-353,4834,-52,-52,0
3583,-357,4816,-52,-52,0
3584,-359,4799,-53,-53,0
3585,-357,4781,-52,-52,0
3586,-347,4763,-50,-50,0
3587,-330,4745,-48,-48,0
3588,-310,4728,-45,-45,0
3589,-282,4710,-41,-41,0
3590,-251,4692,-36,-36,0
3591,-216,4675,-31,-31,0
3592,-175,4657,-25,-25,0
3593,-134,4640,-19,-19,0
3594,-91,4622,-13,-13,0
3595,-44,4605,-6,-6,0
3596,4,4587,1,1,0
3597,51,4570,7,7,0
3598,98,4553,14,14,0
3599,141,4535,20,20,0
3600,181,4518,25,25,0
3601,222,4500,30,30,0
3602,258,4483,35,35,0
3603,286,4466,39,39,0
3604,311,4449,42,42,0
3605,332,4432,45,45,0
3606,345,4414,46,46,0
3607,353,4397,47,47,0
3608,359,4380,48,48,0
3609,357,4363,48,48,0
3610,349,4346,46,46,0
3611,336,4329,44,44,0
3612,318,4312,42,42,0
3613,297,4295,39,39,0
3614,271,4278,35,35,0
3615,242,4261,31,31,0
3616,213,4244,28,28,0
3617,181,4227,23,23,0
3618,151,4210,19,19,0
3619,118,4194,15,15,0
3620,86,4177,11,11,0
3621,56,4160,7,7,0
3622,27,4143,3,3,0
3623,2,4127,0,0,0
3624,-19,4110,-2,-2,0
3625,-36,4093,-4,-4,0
3626,-53,4077,-7,-7,0
3627,-66,4060,-8,-8,0
3628,-71,4044,-9,-9,0
3629,-74,4027,-9,-9,0
3630,-73,4011,-9,-9,0
3631,-70,3994,-9,-9,0
3632,-65,3978,-8,-8,0
3633,-53,3961,-6,-6,0
3634,-41,3945,-5,-5,0
3635,-29,3929,-3,-3,0
3636,-13,3912,-2,-2,0
3637,5,3896,1,1,0
3638,21,3880,2,2,0
3639,32,3864,4,4,0
3640,45,3847,5,5,0
3641,58,3831,7,7,0
3642,67,3815,8,8,0
3643,74,3799,9,9,0
3644,76,3783,9,9,0
3645,72,3767,8,8,0
3646,67,3751,8,8,0
3647,59,3735,7,7,0
3648,44,3719,5,5,0
3649,27,3703,3,3,0
3650,8,3687,1,1,0
3651,-17,3671,-2,-2,0
3652,-44,3655,-5,-5,0
3653,-73,3640,-8,-8,0
3654,-103,3624,-11,-11,0
3655,-137,3608,-15,-15,0
3656,-171,3592,-19,-19,0
3657,-202,3577,-22,-22,0
3658,-231,3561,-25,-25,0
3659,-261,3545,-28,-28,0
3660,-287,3530,-31,-31,0
3661,-309,3514,-33,-33,0
3662,-328,3499,-35,-35,0
3663,-345,3483,-37,-37,0
3664,-355,3468,-38,-38,0
3665,-358,3452,-38,-38,0
3666,-358,3437,-38,-38,0
3667,-351,3421,-37,-37,0
3668,-342,3406,-36,-36,0
3669,-324,3391,-34,-34,0
3670,-298,3375,-31,-31,0
3671,-271,3360,-28,-28,0
3672,-241,3345,-25,-25,0
3673,-203,3330,-21,-21,0
3674,-160,3315,-16,-16,0
3675,-117,3299,-12,-12,0
3676,-73,3284,-7,-7,0
3677,-27,3269,-3,-3,0
3678,21,3254,2,2,0
3679,68,3239,7,7,0
3680,113,3224,11,11,0
3681,158,3209,15,15,0
3682,198,3194,19,19,0
3683,234,3179,23,23,0
3684,269,3165,26,26,0
3685,296,3150,28,28,0
3686,318,3135,30,30,0
3687,338,3120,32,32,0
3688,351,3105,33,33,0
3689,357,3091,34,34,0
3690,359,3076,34,34,0
3691,355,3061,33,33,0
3692,345,3047,32,32,0
3693,329,3032,30,30,0
3694,310,3018,29,29,0
3695,287,3003,26,26,0
3696,262,2989,24,24,0
3697,232,2974,21,21,0
3698,201,2960,18,18,0
3699,168,2945,15,15,0
3700,137,2931,12,12,0
3701,107,2917,10,10,0
3702,74,2902,7,7,0
3703,45,2888,4,4,0
3704,20,2874,2,2,0
3705,-6,2860,-1,-1,0
3706,-28,2845,-2,-2,0
3707,-44,2831,-4,-4,0
3708,-58,2817,-5,-5,0
3709,-68,2803,-6,-6,0
3710,-74,2789,-6,-6,0
3711,-77,2775,-7,-7,0
3712,-77,2761,-6,-6,0
3713,-71,2747,-6,-6,0
3714,-60,2733,-5,-5,0
3715,-48,2719,-4,-4,0
3716,-37,2706,-3,-3,0
3717,-19,2692,-2,-2,0
3718,-3,2678,0,0,0
3719,9,2664,1,1,0
3720,22,2650,2,2,0
3721,37,2637,3,3,0
3722,53,2623,4,4,0
3723,63,2609,5,5,0
3724,69,2596,5,5,0
3725,74,2582,6,6,0
3726,74,2569,6,6,0
3727,69,2555,5,5,0
3728,64,2542,5,5,0
3729,54,2528,4,4,0
3730,40,2515,3,3,0
3731,20,2502,2,2,0
3732,-2,2488,0,0,0
3733,-28,2475,-2,-2,0
3734,-56,2462,-4,-4,0
3735,-85,2449,-6,-6,0
3736,-117,2435,-9,-9,0
3737,-149,2422,-11,-11,0
3738,-183,2409,-13,-13,0
3739,-214,2396,-16,-16,0
3740,-243,2383,-18,-18,0
3741,-270,2370,-20,-20,0
3742,-297,2357,-21,-21,0
3743,-319,2344,-23,-23,0
3744,-335,2331,-24,-24,0
3745,-348,2318,-25,-25,0
3746,-357,2305,-25,-25,0
3747,-360,2292,-25,-25,0
3748,-357,2279,-25,-25,0
3749,-350,2267,-24,-24,0
3750,-336,2254,-23,-23,0
3751,-315,2241,-22,-22,0
3752,-290,2229,-20,-20,0
3753,-261,2216,-18,-18,0
3754,-226,2203,-15,-15,0
3755,-186,2191,-12,-12,0
3756,-147,2178,-10,-10,0
3757,-101,2166,-7,-7,0
3758,-53,2153,-3,-3,0
3759,-8,2141,-1,-1,0
3760,39,2128,3,3,0
3761,87,2116,6,6,0
3762,131,2104,8,8,0
3763,172,2091,11,11,0
3764,212,2079,13,13,0
3765,247,2067,16,16,0
3766,278,2055,17,17,0
3767,306,2043,19,19,0
3768,328,2030,20,20,0
3769,343,2018,21,21,0
3770,351,2006,21,21,0
3771,358,1994,22,22,0
3772,357,1982,22,22,0
3773,351,1970,21,21,0
3774,339,1958,20,20,0
3775,323,1946,19,19,0
3776,305,1935,18,18,0
3777,280,1923,16,16,0
3778,251,1911,15,15,0
3779,220,1899,13,13,0
3780,191,1887,11,11,0
3781,157,1876,9,9,0
3782,124,1864,7,7,0
3783,96,1852,5,5,0
3784,65,1841,4,4,0
3785,33,1829,2,2,0
3786,9,1818,0,0,0
3787,-12,1806,-1,-1,0
3788,-32,1795,-2,-2,0
3789,-48,1783,-3,-3,0
3790,-61,1772,-3,-3,0
3791,-70,1761,-4,-4,0
3792,-74,1749,-4,-4,0
3793,-75,1738,-4,-4,0
3794,-73,1727,-4,-4,0
3795,-66,1716,-3,-3,0
3796,-57,1704,-3,-3,0
3797,-44,1693,-2,-2,0
3798,-30,1682,-2,-2,0
3799,-16,1671,-1,-1,0
3800,0,1660,0,0,0
3801,14,1649,1,1,0
3802,31,1638,2,2,0
3803,44,1627,2,2,0
3804,54,1616,3,3,0
3805,65,1605,3,3,0
3806,71,1595,3,3,0
3807,75,1584,4,4,0
3808,75,1573,4,4,0
3809,70,1562,3,3,0
3810,60,1552,3,3,0
3811,48,1541,2,2,0
3812,32,1530,1,1,0
3813,12,1520,1,1,0
3814,-11,1509,-1,-1,0
3815,-36,1499,-2,-2,0
3816,-64,1488,-3,-3,0
3817,-97,1478,-4,-4,0
3818,-128,1467,-6,-6,0
3819,-162,1457,-7,-7,0
3820,-194,1447,-9,-9,0
3821,-224,1436,-10,-10,0
3822,-253,1426,-11,-11,0
3823,-280,1416,-12,-12,0
3824,-306,1406,-13,-13,0
3825,-325,1395,-14,-14,0
3826,-341,1385,-14,-14,0
3827,-354,1375,-15,-15,0
3828,-358,1365,-15,-15,0
3829,-359,1355,-15,-15,0
3830,-355,1345,-15,-15,0
3831,-343,1335,-14,-14,0
3832,-328,1325,-13,-13,0
3833,-306,1315,-12,-12,0
3834,-278,1305,-11,-11,0
3835,-247,1296,-10,-10,0
3836,-211,1286,-8,-8,0
3837,-170,1276,-7,-7,0
3838,-128,1266,-5,-5,0
3839,-85,1257,-3,-3,0
3840,-39,1247,-1,-1,0
3841,9,1238,0,0,0
3842,57,1228,2,2,0
3843,102,1218,4,4,0
3844,144,1209,5,5,0
3845,187,1199,7,7,0
3846,225,1190,8,8,0
3847,260,1181,9,9,0
3848,290,1171,10,10,0
3849,314,1162,11,11,0
3850,335,1153,12,12,0
3851,348,1143,12,12,0
3852,355,1134,12,12,0
3853,358,1125,12,12,0
3854,356,1116,12,12,0
3855,349,1107,12,12,0
3856,334,1098,11,11,0
3857,314,1089,10,10,0
3858,292,1080,10,10,0
3859,268,1071,9,9,0
3860,239,1062,8,8,0
3861,209,1053,7,7,0
3862,178,1044,6,6,0
3863,146,1035,5,5,0
3864,114,1027,4,4,0
3865,82,1018,3,3,0
3866,52,1009,2,2,0
3867,25,1000,1,1,0
3868,1,992,0,0,0
3869,-22,983,-1,-1,0
3870,-41,975,-1,-1,0
3871,-57,966,-2,-2,0
3872,-66,958,-2,-2,0
3873,-72,949,-2,-2,0
3874,-76,941,-2,-2,0
3875,-75,932,-2,-2,0
3876,-68,924,-2,-2,0
3877,-61,916,-2,-2,0
3878,-49,908,-1,-1,0
3879,-38,899,-1,-1,0
3880,-25,891,-1,-1,0
3881,-8,883,0,0,0
3882,6,875,0,0,0
3883,22,867,1,1,0
3884,35,859,1,1,0
3885,48,851,1,1,0
3886,60,843,2,2,0
3887,66,835,2,2,0
3888,72,827,2,2,0
3889,75,819,2,2,0
3890,73,811,2,2,0
3891,67,803,2,2,0
3892,58,796,1,1,0
3893,46,788,1,1,0
3894,29,780,1,1,0
3895,4,773,0,0,0
3896,-22,765,-1,-1,0
3897,-46,757,-1,-1,0
3898,-75,750,-2,-2,0
3899,-107,742,-2,-2,0
3900,-139,735,-3,-3,0
3901,-173,728,-4,-4,0
3902,-205,720,-5,-5,0
3903,-235,713,-5,-5,0
3904,-264,705,-6,-6,0
3905,-289,698,-6,-6,0
3906,-312,691,-7,-7,0
3907,-333,684,-7,-7,0
3908,-349,677,-7,-7,0
3909,-356,669,-7,-7,0
3910,-360,662,-7,-7,0
3911,-360,655,-7,-7,0
3912,-352,648,-7,-7,0
3913,-338,641,-7,-7,0
3914,-320,634,-6,-6,0
3915,-298,627,-6,-6,0
3916,-270,621,-5,-5,0
3917,-236,614,-4,-4,0
3918,-199,607,-4,-4,0
3919,-156,600,-3,-3,0
3920,-113,593,-2,-2,0
3921,-67,587,-1,-1,0
3922,-18,580,0,0,0
3923,28,574,0,0,0
3924,73,567,1,1,0
3925,117,560,2,2,0
3926,161,554,3,3,0
3927,203,547,3,3,0
3928,240,541,4,4,0
3929,272,535,4,4,0
3930,298,528,5,5,0
3931,322,522,5,5,0
3932,341,516,5,5,0
3933,351,509,5,5,0
3934,359,503,6,6,0
3935,360,497,5,5,0
3936,353,491,5,5,0
3937,341,485,5,5,0
3938,328,479,5,5,0
3939,307,473,4,4,0
3940,284,467,4,4,0
3941,260,461,4,4,0
3942,230,455,3,3,0
3943,200,449,3,3,0
3944,167,443,2,2,0
3945,133,438,2,2,0
3946,103,432,1,1,0
3947,72,426,1,1,0
3948,42,420,1,1,0
3949,16,415,0,0,0
3950,-9,409,0,0,0
3951,-29,404,0,0,0
3952,-45,398,-1,-1,0
3953,-59,393,-1,-1,0
3954,-68,387,-1,-1,0
3955,-72,382,-1,-1,0
3956,-77,376,-1,-1,0
3957,-74,371,-1,-1,0
3958,-66,366,-1,-1,0
3959,-58,360,-1,-1,0
3960,-47,355,-1,-1,0
3961,-34,350,0,0,0
3962,-19,345,0,0,0
3963,-5,340,0,0,0
3964,12,335,0,0,0
3965,28,330,0,0,0
3966,39,325,0,0,0
3967,51,320,0,0,0
3968,62,315,1,1,0
3969,70,310,1,1,0
3970,75,305,1,1,0
3971,75,300,1,1,0
3972,70,295,1,1,0
3973,63,291,1,1,0
3974,53,286,0,0,0
3975,37,281,0,0,0
3976,20,277,0,0,0
3977,-3,272,0,0,0
3978,-29,268,0,0,0
3979,-55,263,0,0,0
3980,-87,259,-1,-1,0
3981,-119,254,-1,-1,0
3982,-151,250,-1,-1,0
3983,-184,246,-1,-1,0
3984,-216,241,-2,-2,0
3985,-247,237,-2,-2,0
3986,-274,233,-2,-2,0
3987,-298,228,-2,-2,0
3988,-320,224,-2,-2,0
3989,-336,220,-2,-2,0
3990,-349,216,-2,-2,0
3991,-359,212,-2,-2,0
3992,-362,208,-2,-2,0
3993,-356,204,-2,-2,0
3994,-349,200,-2,-2,0
3995,-335,196,-2,-2,0
3996,-312,192,-2,-2,0
3997,-286,189,-2,-2,0
3998,-256,185,-1,-1,0
3999,-221,181,-1,-1,0
4000,-183,177,-1,-1,0
4001,-142,174,-1,-1,0
4002,-98,170,-1,-1,0
4003,-51,166,0,0,0
4004,-3,163,0,0,0
4005,43,159,0,0,0
4006,91,156,0,0,0
4007,135,152,1,1,0
4008,175,149,1,1,0
4009,217,146,1,1,0
4010,251,142,1,1,0
4011,282,139,1,1,0
4012,309,136,1,1,0
4013,331,133,1,1,0
4014,346,129,1,1,0
4015,355,126,1,1,0
4016,360,123,1,1,0
4017,356,120,1,1,0
4018,350,117,1,1,0
4019,341,114,1,1,0
4020,325,111,1,1,0
4021,300,108,1,1,0
4022,276,105,1,1,0
4023,248,103,1,1,0
4024,218,100,1,1,0
4025,188,97,1,1,0
4026,157,94,0,0,0
4027,123,92,0,0,0
4028,92,89,0,0,0
4029,63,86,0,0,0
4030,32,84,0,0,0
4031,5,81,0,0,0
4032,-17,79,0,0,0
4033,-37,76,0,0,0
4034,-52,74,0,0,0
4035,-63,72,0,0,0
4036,-69,69,0,0,0
4037,-72,67,0,0,0
4038,-74,65,0,0,0
4039,-72,63,0,0,0
4040,-67,60,0,0,0
4041,-54,58,0,0,0
4042,-42,56,0,0,0
4043,-31,54,0,0,0
4044,-16,52,0,0,0
4045,2,50,0,0,0
4046,18,48,0,0,0
4047,32,46,0,0,0
4048,48,44,0,0,0
4049,57,43,0,0,0
4050,65,41,0,0,0
4051,73,39,0,0,0
4052,74,37,0,0,0
4053,74,36,0,0,0
4054,68,34,0,0,0
4055,59,32,0,0,0
4056,47,31,0,0,0
4057,31,29,0,0,0
4058,10,28,0,0,0
4059,-14,26,0,0,0
4060,-42,25,0,0,0
4061,-71,24,0,0,0
4062,-100,22,0,0,0
4063,-132,21,0,0,0
4064,-164,20,0,0,0
4065,-195,19,0,0,0
4066,-227,17,0,0,0
4067,-258,16,0,0,0
4068,-285,15,0,0,0
4069,-307,14,0,0,0
4070,-326,13,0,0,0
4071,-343,12,0,0,0
4072,-354,11,0,0,0
4073,-359,10,0,0,0
4074,-359,9,0,0,0
4075,-354,8,0,0,0
4076,-343,8,0,0,0
4077,-326,7,0,0,0
4078,-304,6,0,0,0
4079,-276,6,0,0,0
4080,-243,5,0,0,0
4081,-209,4,0,0,0
4082,-169,4,0,0,0
4083,-124,3,0,0,0
4084,-80,3,0,0,0
4085,-32,2,0,0,0
4086,15,2,0,0,0
4087,58,2,0,0,0
4088,105,1,0,0,0
4089,150,1,0,0,0
4090,190,1,0,0,0
4091,228,0,0,0,0
4092,264,0,0,0,0
4093,294,0,0,0,0
4094,319,0,0,0,0
4095,336,0,0,0,0
