index,data,first,last
0,0,1,0
1,0,0,0
2,2,0,0
3,0,0,0
4,6,0,0
5,43,0,0
6,90,0,0
7,134,0,0
8,177,0,0
9,216,0,0
10,250,0,0
11,280,0,0
12,309,0,0
13,328,0,0
14,343,0,0
15,355,0,0
16,357,0,0
17,356,0,0
18,351,0,0
19,339,0,0
20,322,0,0
21,299,0,0
22,276,0,0
23,248,0,0
24,216,0,0
25,186,0,0
26,155,0,0
27,124,0,0
28,92,0,0
29,60,0,0
30,33,0,0
31,7,0,0
32,-17,0,0
33,-36,0,0
34,-54,0,0
35,-65,0,0
36,-71,0,0
37,-76,0,0
38,-76,0,0
39,-72,0,0
40,-67,0,0
41,-56,0,0
42,-41,0,0
43,-29,0,0
44,-17,0,0
45,2,0,0
46,18,0,0
47,31,0,0
48,44,0,0
49,58,0,0
50,68,0,0
51,70,0,0
52,74,0,0
53,75,0,0
54,69,0,0
55,60,0,0
56,48,0,0
57,32,0,0
58,10,0,0
59,-14,0,0
60,-39,0,0
61,-70,0,0
62,-100,0,0
63,-130,0,0
64,-163,0,0
65,-196,0,0
66,-228,0,0
67,-257,0,0
68,-283,0,0
69,-306,0,0
70,-328,0,0
71,-344,0,0
72,-354,0,0
73,-360,0,0
74,-358,0,0
75,-353,0,0
76,-343,0,0
77,-325,0,0
78,-304,0,0
79,-277,0,0
80,-244,0,0
81,-208,0,0
82,-169,0,0
83,-127,0,0
84,-79,0,0
85,-33,0,0
86,12,0,0
87,60,0,0
88,107,0,0
89,150,0,0
90,191,0,0
91,231,0,0
92,264,0,0
93,293,0,0
94,317,0,0
95,334,0,0
96,349,0,0
97,356,0,0
98,358,0,0
99,358,0,0
100,349,0,0
101,333,0,0
102,315,0,0
103,292,0,0
104,266,0,0
105,237,0,0
106,208,0,0
107,175,0,0
108,143,0,0
109,110,0,0
110,80,0,0
111,52,0,0
112,21,0,0
113,-3,0,0
114,-23,0,0
115,-42,0,0
116,-56,0,0
117,-67,0,0
118,-73,0,0
119,-75,0,0
120,-75,0,0
121,-71,0,0
122,-62,0,0
123,-49,0,0
124,-37,0,0
125,-25,0,0
126,-9,0,0
127,6,0,0
128,23,0,0
129,38,0,0
130,48,0,0
131,59,0,0
132,69,0,0
133,74,0,0
134,75,0,0
135,72,0,0
136,66,0,0
137,55,0,0
138,43,0,0
139,23,0,0
140,1,0,0
141,-21,0,0
142,-50,0,0
143,-81,0,0
144,-112,0,0
145,-144,0,0
146,-175,0,0
147,-208,0,0
148,-238,0,0
149,-265,0,0
150,-293,0,0
151,-316,0,0
152,-333,0,0
153,-347,0,0
154,-357,0,0
155,-360,0,0
156,-359,0,0
157,-353,0,0
158,-338,0,0
159,-318,0,0
160,-295,0,0
161,-264,0,0
162,-231,0,0
163,-194,0,0
164,-151,0,0
165,-109,0,0
166,-62,0,0
167,-16,0,0
168,29,0,0
169,77,0,0
170,124,0,0
171,166,0,0
172,204,0,0
173,242,0,0
174,275,0,0
175,302,0,0
176,325,0,0
177,342,0,0
178,353,0,0
179,360,0,0
180,359,0,0
181,353,0,0
182,342,0,0
183,327,0,0
184,307,0,0
185,282,0,0
186,255,0,0
187,227,0,0
188,195,0,0
189,163,0,0
190,131,0,0
191,99,0,0
192,68,0,0
193,41,0,0
194,15,0,0
195,-10,0,0
196,-31,0,0
197,-48,0,0
198,-63,0,0
199,-69,0,0
200,-72,0,0
201,-75,0,0
202,-72,0,0
203,-65,0,0
204,-57,0,0
205,-46,0,0
206,-32,0,0
207,-18,0,0
208,-4,0,0
209,13,0,0
210,28,0,0
211,42,0,0
212,54,0,0
213,63,0,0
214,70,0,0
215,73,0,0
216,73,0,0
217,71,0,0
218,63,0,0
219,50,0,0
220,36,0,0
221,17,0,0
222,-6,0,0
223,-33,0,0
224,-60,0,0
225,-90,0,0
226,-124,0,0
227,-155,0,0
228,-188,0,0
229,-221,0,0
230,-248,0,0
231,-277,0,0
232,-302,0,0
233,-323,0,0
234,-339,0,0
235,-351,0,0
236,-358,0,0
237,-358,0,0
238,-355,0,0
239,-346,0,0
240,-331,0,0
241,-309,0,0
242,-284,0,0
243,-253,0,0
244,-216,0,0
245,-180,0,0
246,-137,0,0
247,-92,0,0
248,-47,0,0
249,0,0,0
250,48,0,0
251,94,0,0
252,138,0,0
253,180,0,0
254,219,0,0
255,256,0,0
256,286,0,0
257,310,0,0
258,330,0,0
259,346,0,0
260,357,0,0
261,358,0,0
262,356,0,0
263,352,0,0
264,338,0,0
265,318,0,0
266,298,0,0
267,273,0,0
268,246,0,0
269,216,0,0
270,182,0,0
271,150,0,0
272,120,0,0
273,88,0,0
274,58,0,0
275,31,0,0
276,4,0,0
277,-19,0,0
278,-35,0,0
279,-52,0,0
280,-64,0,0
281,-73,0,0
282,-75,0,0
283,-74,0,0
284,-72,0,0
285,-65,0,0
286,-55,0,0
287,-41,0,0
288,-26,0,0
289,-13,0,0
290,3,0,0
291,19,0,0
292,32,0,0
293,47,0,0
294,59,0,0
295,65,0,0
296,71,0,0
297,75,0,0
298,74,0,0
299,68,0,0
300,60,0,0
301,47,0,0
302,26,0,0
303,6,0,0
304,-16,0,0
305,-41,0,0
306,-71,0,0
307,-103,0,0
308,-136,0,0
309,-168,0,0
310,-200,0,0
311,-229,0,0
312,-259,0,0
313,-286,0,0
314,-309,0,0
315,-330,0,0
316,-344,0,0
317,-353,0,0
318,-361,0,0
319,-358,0,0
320,-353,0,0
321,-342,0,0
322,-321,0,0
323,-300,0,0
324,-273,0,0
325,-242,0,0
326,-205,0,0
327,-164,0,0
328,-120,0,0
329,-76,0,0
330,-29,0,0
331,20,0,0
332,66,0,0
333,111,0,0
334,154,0,0
335,195,0,0
336,232,0,0
337,266,0,0
338,296,0,0
339,319,0,0
340,337,0,0
341,348,0,0
342,358,0,0
343,360,0,0
344,353,0,0
345,346,0,0
346,333,0,0
347,313,0,0
348,289,0,0
349,261,0,0
350,234,0,0
351,206,0,0
352,172,0,0
353,139,0,0
354,109,0,0
355,78,0,0
356,48,0,0
357,21,0,0
358,-3,0,0
359,-25,0,0
360,-44,0,0
361,-58,0,0
362,-67,0,0
363,-73,0,0
364,-75,0,0
365,-74,0,0
366,-68,0,0
367,-59,0,0
368,-49,0,0
369,-37,0,0
370,-22,0,0
371,-7,0,0
372,10,0,0
373,25,0,0
374,38,0,0
375,50,0,0
376,61,0,0
377,70,0,0
378,73,0,0
379,73,0,0
380,70,0,0
381,63,0,0
382,52,0,0
383,37,0,0
384,19,0,0
385,-1,0,0
386,-25,0,0
387,-54,0,0
388,-83,0,0
389,-113,0,0
390,-147,0,0
391,-178,0,0
392,-208,0,0
393,-241,0,0
394,-270,0,0
395,-294,0,0
396,-318,0,0
397,-336,0,0
398,-347,0,0
399,-356,0,0
400,-360,0,0
401,-358,0,0
402,-349,0,0
403,-336,0,0
404,-316,0,0
405,-290,0,0
406,-261,0,0
407,-226,0,0
408,-188,0,0
409,-148,0,0
410,-106,0,0
411,-58,0,0
412,-11,0,0
413,34,0,0
414,81,0,0
415,127,0,0
416,169,0,0
417,210,0,0
418,246,0,0
419,277,0,0
420,304,0,0
421,326,0,0
422,342,0,0
423,353,0,0
424,360,0,0
425,359,0,0
426,352,0,0
427,341,0,0
428,324,0,0
429,304,0,0
430,279,0,0
431,253,0,0
432,225,0,0
433,192,0,0
434,161,0,0
435,128,0,0
436,95,0,0
437,64,0,0
438,35,0,0
439,10,0,0
440,-12,0,0
441,-32,0,0
442,-51,0,0
443,-62,0,0
444,-70,0,0
445,-77,0,0
446,-77,0,0
447,-73,0,0
448,-68,0,0
449,-59,0,0
450,-45,0,0
451,-33,0,0
452,-18,0,0
453,-1,0,0
454,16,0,0
455,30,0,0
456,43,0,0
457,54,0,0
458,62,0,0
459,70,0,0
460,74,0,0
461,73,0,0
462,70,0,0
463,62,0,0
464,49,0,0
465,33,0,0
466,13,0,0
467,-9,0,0
468,-35,0,0
469,-63,0,0
470,-93,0,0
471,-128,0,0
472,-160,0,0
473,-191,0,0
474,-222,0,0
475,-251,0,0
476,-279,0,0
477,-304,0,0
478,-325,0,0
479,-340,0,0
480,-350,0,0
481,-357,0,0
482,-359,0,0
483,-356,0,0
484,-345,0,0
485,-329,0,0
486,-309,0,0
487,-280,0,0
488,-250,0,0
489,-213,0,0
490,-173,0,0
491,-131,0,0
492,-85,0,0
493,-40,0,0
494,7,0,0
495,53,0,0
496,99,0,0
497,143,0,0
498,186,0,0
499,226,0,0
500,259,0,0
501,287,0,0
502,315,0,0
503,333,0,0
504,347,0,0
505,357,0,0
506,358,0,0
507,355,0,0
508,348,0,0
509,336,0,0
510,318,0,0
511,296,0,0
512,271,0,0
513,243,0,0
514,211,0,0
515,180,0,0
516,149,0,0
517,116,0,0
518,83,0,0
519,53,0,0
520,26,0,0
521,3,0,0
522,-20,0,0
523,-39,0,0
524,-54,0,0
525,-65,0,0
526,-72,0,0
527,-76,0,0
528,-74,0,0
529,-70,0,0
530,-62,0,0
531,-51,0,0
532,-41,0,0
533,-28,0,0
534,-12,0,0
535,4,0,0
536,21,0,0
537,35,0,0
538,46,0,0
539,59,0,0
540,69,0,0
541,72,0,0
542,74,0,0
543,73,0,0
544,66,0,0
545,57,0,0
546,44,0,0
547,26,0,0
548,6,0,0
549,-19,0,0
550,-46,0,0
551,-75,0,0
552,-105,0,0
553,-138,0,0
554,-170,0,0
555,-202,0,0
556,-234,0,0
557,-261,0,0
558,-286,0,0
559,-312,0,0
560,-332,0,0
561,-345,0,0
562,-356,0,0
563,-362,0,0
564,-360,0,0
565,-352,0,0
566,-340,0,0
567,-322,0,0
568,-299,0,0
569,-270,0,0
570,-236,0,0
571,-201,0,0
572,-159,0,0
573,-113,0,0
574,-69,0,0
575,-24,0,0
576,23,0,0
577,72,0,0
578,118,0,0
579,160,0,0
580,199,0,0
581,236,0,0
582,269,0,0
583,297,0,0
584,321,0,0
585,339,0,0
586,351,0,0
587,359,0,0
588,359,0,0
589,354,0,0
590,344,0,0
591,328,0,0
592,309,0,0
593,286,0,0
594,260,0,0
595,233,0,0
596,202,0,0
597,169,0,0
598,136,0,0
599,103,0,0
600,73,0,0
601,45,0,0
602,17,0,0
603,-8,0,0
604,-27,0,0
605,-43,0,0
606,-59,0,0
607,-69,0,0
608,-75,0,0
609,-77,0,0
610,-73,0,0
611,-68,0,0
612,-59,0,0
613,-48,0,0
614,-35,0,0
615,-20,0,0
616,-6,0,0
617,10,0,0
618,26,0,0
619,39,0,0
620,53,0,0
621,61,0,0
622,69,0,0
623,73,0,0
624,73,0,0
625,71,0,0
626,61,0,0
627,52,0,0
628,39,0,0
629,20,0,0
630,-4,0,0
631,-31,0,0
632,-56,0,0
633,-86,0,0
634,-119,0,0
635,-152,0,0
636,-182,0,0
637,-214,0,0
638,-245,0,0
639,-272,0,0
640,-296,0,0
641,-319,0,0
642,-335,0,0
643,-348,0,0
644,-358,0,0
645,-362,0,0
646,-357,0,0
647,-347,0,0
648,-333,0,0
649,-313,0,0
650,-289,0,0
651,-261,0,0
652,-225,0,0
653,-186,0,0
654,-145,0,0
655,-99,0,0
656,-52,0,0
657,-8,0,0
658,39,0,0
659,86,0,0
660,131,0,0
661,174,0,0
662,215,0,0
663,250,0,0
664,282,0,0
665,309,0,0
666,328,0,0
667,343,0,0
668,353,0,0
669,356,0,0
670,355,0,0
671,350,0,0
672,338,0,0
673,322,0,0
674,302,0,0
675,277,0,0
676,250,0,0
677,220,0,0
678,189,0,0
679,157,0,0
680,124,0,0
681,95,0,0
682,64,0,0
683,34,0,0
684,9,0,0
685,-14,0,0
686,-35,0,0
687,-51,0,0
688,-62,0,0
689,-70,0,0
690,-75,0,0
691,-74,0,0
692,-72,0,0
693,-67,0,0
694,-55,0,0
695,-43,0,0
696,-30,0,0
697,-12,0,0
698,3,0,0
699,17,0,0
700,31,0,0
701,44,0,0
702,56,0,0
703,66,0,0
704,72,0,0
705,75,0,0
706,72,0,0
707,68,0,0
708,63,0,0
709,48,0,0
710,32,0,0
711,12,0,0
712,-12,0,0
713,-37,0,0
714,-65,0,0
715,-98,0,0
716,-131,0,0
717,-162,0,0
718,-193,0,0
719,-224,0,0
720,-254,0,0
721,-282,0,0
722,-305,0,0
723,-325,0,0
724,-341,0,0
725,-354,0,0
726,-358,0,0
727,-358,0,0
728,-353,0,0
729,-343,0,0
730,-327,0,0
731,-303,0,0
732,-277,0,0
733,-246,0,0
734,-211,0,0
735,-171,0,0
736,-128,0,0
737,-83,0,0
738,-36,0,0
739,10,0,0
740,56,0,0
741,103,0,0
742,148,0,0
743,190,0,0
744,226,0,0
745,260,0,0
746,293,0,0
747,317,0,0
748,335,0,0
749,350,0,0
750,357,0,0
751,358,0,0
752,356,0,0
753,346,0,0
754,333,0,0
755,318,0,0
756,294,0,0
757,265,0,0
758,239,0,0
759,210,0,0
760,177,0,0
761,145,0,0
762,113,0,0
763,81,0,0
764,52,0,0
765,24,0,0
766,0,0,0
767,-21,0,0
768,-41,0,0
769,-56,0,0
770,-66,0,0
771,-75,0,0
772,-79,0,0
773,-75,0,0
774,-69,0,0
775,-62,0,0
776,-51,0,0
777,-39,0,0
778,-28,0,0
779,-11,0,0
780,8,0,0
781,22,0,0
782,36,0,0
783,50,0,0
784,61,0,0
785,69,0,0
786,73,0,0
787,76,0,0
788,75,0,0
789,65,0,0
790,57,0,0
791,43,0,0
792,24,0,0
793,4,0,0
794,-22,0,0
795,-51,0,0
796,-79,0,0
797,-110,0,0
798,-142,0,0
799,-174,0,0
800,-205,0,0
801,-236,0,0
802,-264,0,0
803,-290,0,0
804,-313,0,0
805,-333,0,0
806,-347,0,0
807,-356,0,0
808,-360,0,0
809,-359,0,0
810,-352,0,0
811,-338,0,0
812,-321,0,0
813,-294,0,0
814,-264,0,0
815,-235,0,0
816,-197,0,0
817,-155,0,0
818,-111,0,0
819,-66,0,0
820,-20,0,0
821,29,0,0
822,75,0,0
823,118,0,0
824,163,0,0
825,203,0,0
826,239,0,0
827,274,0,0
828,301,0,0
829,323,0,0
830,341,0,0
831,351,0,0
832,357,0,0
833,358,0,0
834,355,0,0
835,345,0,0
836,328,0,0
837,307,0,0
838,285,0,0
839,258,0,0
840,229,0,0
841,198,0,0
842,165,0,0
843,133,0,0
844,103,0,0
845,73,0,0
846,43,0,0
847,13,0,0
848,-10,0,0
849,-28,0,0
850,-47,0,0
851,-62,0,0
852,-69,0,0
853,-75,0,0
854,-77,0,0
855,-73,0,0
856,-67,0,0
857,-60,0,0
858,-48,0,0
859,-33,0,0
860,-18,0,0
861,-2,0,0
862,12,0,0
863,26,0,0
864,41,0,0
865,54,0,0
866,63,0,0
867,70,0,0
868,74,0,0
869,74,0,0
870,72,0,0
871,64,0,0
872,50,0,0
873,35,0,0
874,17,0,0
875,-5,0,0
876,-30,0,0
877,-58,0,0
878,-88,0,0
879,-121,0,0
880,-154,0,0
881,-186,0,0
882,-217,0,0
883,-249,0,0
884,-277,0,0
885,-301,0,0
886,-322,0,0
887,-339,0,0
888,-349,0,0
889,-357,0,0
890,-360,0,0
891,-357,0,0
892,-346,0,0
893,-330,0,0
894,-312,0,0
895,-287,0,0
896,-254,0,0
897,-219,0,0
898,-184,0,0
899,-138,0,0
900,-93,0,0
901,-50,0,0
902,-3,0,0
903,44,0,0
904,92,0,0
905,138,0,0
906,179,0,0
907,218,0,0
908,253,0,0
909,284,0,0
910,309,0,0
911,329,0,0
912,346,0,0
913,359,0,0
914,359,0,0
915,357,0,0
916,351,0,0
917,339,0,0
918,322,0,0
919,299,0,0
920,275,0,0
921,248,0,0
922,216,0,0
923,185,0,0
924,155,0,0
925,122,0,0
926,90,0,0
927,60,0,0
928,32,0,0
929,6,0,0
930,-18,0,0
931,-37,0,0
932,-54,0,0
933,-65,0,0
934,-70,0,0
935,-76,0,0
936,-74,0,0
937,-69,0,0
938,-63,0,0
939,-53,0,0
940,-41,0,0
941,-27,0,0
942,-15,0,0
943,0,0,0
944,17,0,0
945,32,0,0
946,45,0,0
947,57,0,0
948,66,0,0
949,71,0,0
950,73,0,0
951,72,0,0
952,68,0,0
953,59,0,0
954,45,0,0
955,32,0,0
956,12,0,0
957,-14,0,0
958,-40,0,0
959,-71,0,0
960,-102,0,0
961,-134,0,0
962,-165,0,0
963,-197,0,0
964,-228,0,0
965,-255,0,0
966,-283,0,0
967,-308,0,0
968,-328,0,0
969,-343,0,0
970,-352,0,0
971,-359,0,0
972,-360,0,0
973,-353,0,0
974,-342,0,0
975,-325,0,0
976,-303,0,0
977,-275,0,0
978,-242,0,0
979,-205,0,0
980,-164,0,0
981,-124,0,0
982,-79,0,0
983,-30,0,0
984,16,0,0
985,61,0,0
986,108,0,0
987,151,0,0
988,192,0,0
989,232,0,0
990,266,0,0
991,293,0,0
992,317,0,0
993,335,0,0
994,350,0,0
995,358,0,0
996,357,0,0
997,354,0,0
998,347,0,0
999,331,0,0
1000,314,0,0
1001,293,0,0
1002,264,0,0
1003,235,0,0
1004,206,0,0
1005,174,0,0
1006,141,0,0
1007,109,0,0
1008,77,0,0
1009,48,0,0
1010,21,0,0
1011,-4,0,0
1012,-25,0,0
1013,-43,0,0
1014,-58,0,0
1015,-68,0,0
1016,-72,0,0
1017,-77,0,0
1018,-74,0,0
1019,-67,0,0
1020,-61,0,0
1021,-50,0,0
1022,-36,0,0
1023,-24,0,0
1024,-8,0,0
1025,9,0,0
1026,23,0,0
1027,38,0,0
1028,52,0,0
1029,59,0,0
1030,68,0,0
1031,73,0,0
1032,75,0,0
1033,74,0,0
1034,67,0,0
1035,54,0,0
1036,41,0,0
1037,23,0,0
1038,2,0,0
1039,-23,0,0
1040,-52,0,0
1041,-81,0,0
1042,-111,0,0
1043,-143,0,0
1044,-177,0,0
1045,-211,0,0
1046,-240,0,0
1047,-267,0,0
1048,-293,0,0
1049,-317,0,0
1050,-336,0,0
1051,-347,0,0
1052,-357,0,0
1053,-360,0,0
1054,-359,0,0
1055,-351,0,0
1056,-335,0,0
1057,-317,0,0
1058,-293,0,0
1059,-264,0,0
1060,-229,0,0
1061,-191,0,0
1062,-152,0,0
1063,-106,0,0
1064,-59,0,0
1065,-15,0,0
1066,31,0,0
1067,80,0,0
1068,126,0,0
1069,166,0,0
1070,205,0,0
1071,244,0,0
1072,275,0,0
1073,303,0,0
1074,326,0,0
1075,343,0,0
1076,353,0,0
1077,359,0,0
1078,361,0,0
1079,353,0,0
1080,340,0,0
1081,326,0,0
1082,307,0,0
1083,282,0,0
1084,254,0,0
1085,225,0,0
1086,194,0,0
1087,161,0,0
1088,128,0,0
1089,97,0,0
1090,67,0,0
1091,40,0,0
1092,14,0,0
1093,-12,0,0
1094,-35,0,0
1095,-50,0,0
1096,-63,0,0
1097,-71,0,0
1098,-74,0,0
1099,-75,0,0
1100,-74,0,0
1101,-67,0,0
1102,-59,0,0
1103,-46,0,0
1104,-31,0,0
1105,-20,0,0
1106,-3,0,0
1107,13,0,0
1108,28,0,0
1109,44,0,0
1110,56,0,0
1111,63,0,0
1112,71,0,0
1113,75,0,0
1114,75,0,0
1115,70,0,0
1116,60,0,0
1117,50,0,0
1118,37,0,0
1119,13,0,0
1120,-9,0,0
1121,-32,0,0
1122,-63,0,0
1123,-93,0,0
1124,-124,0,0
1125,-157,0,0
1126,-189,0,0
1127,-221,0,0
1128,-250,0,0
1129,-277,0,0
1130,-303,0,0
1131,-324,0,0
1132,-339,0,0
1133,-350,0,0
1134,-356,0,0
1135,-359,0,0
1136,-355,0,0
1137,-345,0,0
1138,-330,0,0
1139,-312,0,0
1140,-283,0,0
1141,-249,0,0
1142,-216,0,0
1143,-177,0,0
1144,-134,0,0
1145,-89,0,0
1146,-44,0,0
1147,1,0,0
1148,49,0,0
1149,96,0,0
1150,140,0,0
1151,182,0,0
1152,221,0,0
1153,256,0,0
1154,286,0,0
1155,309,0,0
1156,331,0,0
1157,347,0,0
1158,357,0,0
1159,359,0,0
1160,355,0,0
1161,350,0,0
1162,337,0,0
1163,316,0,0
1164,299,0,0
1165,275,0,0
1166,243,0,0
1167,213,0,0
1168,183,0,0
1169,150,0,0
1170,118,0,0
1171,88,0,0
1172,56,0,0
1173,26,0,0
1174,2,0,0
1175,-20,0,0
1176,-38,0,0
1177,-53,0,0
1178,-65,0,0
1179,-72,0,0
1180,-75,0,0
1181,-75,0,0
1182,-72,0,0
1183,-65,0,0
1184,-54,0,0
1185,-41,0,0
1186,-27,0,0
1187,-10,0,0
1188,4,0,0
1189,19,0,0
1190,35,0,0
1191,46,0,0
1192,58,0,0
1193,67,0,0
1194,72,0,0
1195,74,0,0
1196,71,0,0
1197,68,0,0
1198,58,0,0
1199,45,0,0
1200,29,0,0
1201,9,0,0
1202,-15,0,0
1203,-45,0,0
1204,-75,0,0
1205,-107,0,0
1206,-137,0,0
1207,-168,0,0
1208,-201,0,0
1209,-230,0,0
1210,-261,0,0
1211,-287,0,0
1212,-309,0,0
1213,-330,0,0
1214,-345,0,0
1215,-354,0,0
1216,-361,0,0
1217,-359,0,0
1218,-352,0,0
1219,-342,0,0
1220,-323,0,0
1221,-300,0,0
1222,-273,0,0
1223,-240,0,0
1224,-203,0,0
1225,-163,0,0
1226,-119,0,0
1227,-71,0,0
1228,-27,0,0
1229,20,0,0
1230,68,0,0
1231,115,0,0
1232,158,0,0
1233,197,0,0
1234,233,0,0
1235,269,0,0
1236,298,0,0
1237,321,0,0
1238,339,0,0
1239,351,0,0
1240,358,0,0
1241,359,0,0
1242,352,0,0
1243,345,0,0
1244,333,0,0
1245,312,0,0
1246,290,0,0
1247,261,0,0
1248,231,0,0
1249,205,0,0
1250,173,0,0
1251,138,0,0
1252,105,0,0
1253,75,0,0
1254,46,0,0
1255,18,0,0
1256,-4,0,0
1257,-24,0,0
1258,-44,0,0
1259,-59,0,0
1260,-67,0,0
1261,-73,0,0
1262,-75,0,0
1263,-74,0,0
1264,-70,0,0
1265,-61,0,0
1266,-50,0,0
1267,-37,0,0
1268,-20,0,0
1269,-7,0,0
1270,11,0,0
1271,27,0,0
1272,39,0,0
1273,51,0,0
1274,62,0,0
1275,69,0,0
1276,73,0,0
1277,75,0,0
1278,72,0,0
1279,66,0,0
1280,54,0,0
1281,38,0,0
1282,20,0,0
1283,-2,0,0
1284,-28,0,0
1285,-56,0,0
1286,-86,0,0
1287,-117,0,0
1288,-146,0,0
1289,-180,0,0
1290,-212,0,0
1291,-242,0,0
1292,-270,0,0
1293,-296,0,0
1294,-319,0,0
1295,-338,0,0
1296,-350,0,0
1297,-356,0,0
1298,-359,0,0
1299,-358,0,0
1300,-349,0,0
1301,-334,0,0
1302,-316,0,0
1303,-293,0,0
1304,-260,0,0
1305,-225,0,0
1306,-188,0,0
1307,-146,0,0
1308,-103,0,0
1309,-57,0,0
1310,-9,0,0
1311,38,0,0
1312,84,0,0
1313,131,0,0
1314,174,0,0
1315,211,0,0
1316,248,0,0
1317,278,0,0
1318,305,0,0
1319,327,0,0
1320,343,0,0
1321,355,0,0
1322,361,0,0
1323,358,0,0
1324,350,0,0
1325,339,0,0
1326,324,0,0
1327,303,0,0
1328,279,0,0
1329,252,0,0
1330,222,0,0
1331,193,0,0
1332,162,0,0
1333,128,0,0
1334,93,0,0
1335,64,0,0
1336,36,0,0
1337,9,0,0
1338,-15,0,0
1339,-34,0,0
1340,-49,0,0
1341,-62,0,0
1342,-71,0,0
1343,-76,0,0
1344,-77,0,0
1345,-73,0,0
1346,-66,0,0
1347,-57,0,0
1348,-43,0,0
1349,-30,0,0
1350,-18,0,0
1351,-1,0,0
1352,17,0,0
1353,30,0,0
1354,41,0,0
1355,58,0,0
1356,66,0,0
1357,69,0,0
1358,75,0,0
1359,73,0,0
1360,68,0,0
1361,62,0,0
1362,48,0,0
1363,32,0,0
1364,13,0,0
1365,-11,0,0
1366,-37,0,0
1367,-66,0,0
1368,-97,0,0
1369,-128,0,0
1370,-159,0,0
1371,-192,0,0
1372,-222,0,0
1373,-251,0,0
1374,-281,0,0
1375,-304,0,0
1376,-324,0,0
1377,-343,0,0
1378,-354,0,0
1379,-360,0,0
1380,-359,0,0
1381,-354,0,0
1382,-345,0,0
1383,-328,0,0
1384,-306,0,0
1385,-278,0,0
1386,-248,0,0
1387,-213,0,0
1388,-173,0,0
1389,-129,0,0
1390,-85,0,0
1391,-39,0,0
1392,6,0,0
1393,54,0,0
1394,101,0,0
1395,144,0,0
1396,187,0,0
1397,225,0,0
1398,260,0,0
1399,290,0,0
1400,315,0,0
1401,334,0,0
1402,349,0,0
1403,358,0,0
1404,361,0,0
1405,355,0,0
1406,347,0,0
1407,335,0,0
1408,318,0,0
1409,296,0,0
1410,271,0,0
1411,243,0,0
1412,210,0,0
1413,178,0,0
1414,148,0,0
1415,115,0,0
1416,82,0,0
1417,53,0,0
1418,26,0,0
1419,0,0,0
1420,-22,0,0
1421,-40,0,0
1422,-55,0,0
1423,-67,0,0
1424,-73,0,0
1425,-76,0,0
1426,-76,0,0
1427,-72,0,0
1428,-63,0,0
1429,-52,0,0
1430,-39,0,0
1431,-24,0,0
1432,-10,0,0
1433,5,0,0
1434,21,0,0
1435,33,0,0
1436,47,0,0
1437,58,0,0
1438,66,0,0
1439,73,0,0
1440,76,0,0
1441,72,0,0
1442,65,0,0
1443,56,0,0
1444,43,0,0
1445,25,0,0
1446,4,0,0
1447,-22,0,0
1448,-47,0,0
1449,-76,0,0
1450,-106,0,0
1451,-139,0,0
1452,-174,0,0
1453,-206,0,0
1454,-236,0,0
1455,-263,0,0
1456,-287,0,0
1457,-313,0,0
1458,-333,0,0
1459,-347,0,0
1460,-357,0,0
1461,-361,0,0
1462,-360,0,0
1463,-352,0,0
1464,-338,0,0
1465,-321,0,0
1466,-297,0,0
1467,-269,0,0
1468,-235,0,0
1469,-198,0,0
1470,-159,0,0
1471,-115,0,0
1472,-68,0,0
1473,-20,0,0
1474,26,0,0
1475,73,0,0
1476,117,0,0
1477,159,0,0
1478,199,0,0
1479,236,0,0
1480,270,0,0
1481,299,0,0
1482,322,0,0
1483,339,0,0
1484,351,0,0
1485,360,0,0
1486,359,0,0
1487,354,0,0
1488,345,0,0
1489,328,0,0
1490,309,0,0
1491,287,0,0
1492,260,0,0
1493,230,0,0
1494,198,0,0
1495,167,0,0
1496,134,0,0
1497,101,0,0
1498,71,0,0
1499,45,0,0
1500,17,0,0
1501,-8,0,0
1502,-29,0,0
1503,-45,0,0
1504,-59,0,0
1505,-69,0,0
1506,-73,0,0
1507,-75,0,0
1508,-73,0,0
1509,-67,0,0
1510,-59,0,0
1511,-47,0,0
1512,-33,0,0
1513,-19,0,0
1514,-5,0,0
1515,11,0,0
1516,27,0,0
1517,40,0,0
1518,53,0,0
1519,65,0,0
1520,69,0,0
1521,73,0,0
1522,74,0,0
1523,72,0,0
1524,64,0,0
1525,51,0,0
1526,37,0,0
1527,19,0,0
1528,-5,0,0
1529,-30,0,0
1530,-59,0,0
1531,-87,0,0
1532,-120,0,0
1533,-153,0,0
1534,-183,0,0
1535,-214,0,0
1536,-245,0,0
1537,-272,0,0
1538,-298,0,0
1539,-320,0,0
1540,-336,0,0
1541,-348,0,0
1542,-356,0,0
1543,-358,0,0
1544,-353,0,0
1545,-347,0,0
1546,-334,0,0
1547,-312,0,0
1548,-287,0,0
1549,-256,0,0
1550,-220,0,0
1551,-183,0,0
1552,-142,0,0
1553,-98,0,0
1554,-52,0,0
1555,-4,0,0
1556,43,0,0
1557,89,0,0
1558,133,0,0
1559,176,0,0
1560,216,0,0
1561,252,0,0
1562,282,0,0
1563,306,0,0
1564,329,0,0
1565,347,0,0
1566,354,0,0
1567,358,0,0
1568,359,0,0
1569,352,0,0
1570,339,0,0
1571,322,0,0
1572,301,0,0
1573,276,0,0
1574,250,0,0
1575,220,0,0
1576,188,0,0
1577,155,0,0
1578,122,0,0
1579,89,0,0
1580,60,0,0
1581,33,0,0
1582,5,0,0
1583,-17,0,0
1584,-35,0,0
1585,-52,0,0
1586,-65,0,0
1587,-72,0,0
1588,-76,0,0
1589,-77,0,0
1590,-72,0,0
1591,-65,0,0
1592,-55,0,0
1593,-43,0,0
1594,-31,0,0
1595,-16,0,0
1596,1,0,0
1597,18,0,0
1598,30,0,0
1599,42,0,0
1600,55,0,0
1601,66,0,0
1602,72,0,0
1603,74,0,0
1604,73,0,0
1605,67,0,0
1606,60,0,0
1607,48,0,0
1608,31,0,0
1609,10,0,0
1610,-13,0,0
1611,-38,0,0
1612,-68,0,0
1613,-97,0,0
1614,-131,0,0
1615,-163,0,0
1616,-193,0,0
1617,-227,0,0
1618,-256,0,0
1619,-283,0,0
1620,-306,0,0
1621,-327,0,0
1622,-343,0,0
1623,-352,0,0
1624,-359,0,0
1625,-360,0,0
1626,-353,0,0
1627,-342,0,0
1628,-325,0,0
1629,-305,0,0
1630,-277,0,0
1631,-246,0,0
1632,-209,0,0
1633,-168,0,0
1634,-125,0,0
1635,-79,0,0
1636,-32,0,0
1637,14,0,0
1638,61,0,0
1639,107,0,0
1640,148,0,0
1641,190,0,0
1642,227,0,0
1643,262,0,0
1644,293,0,0
1645,316,0,0
1646,335,0,0
1647,348,0,0
1648,356,0,0
1649,359,0,0
1650,354,0,0
1651,347,0,0
1652,333,0,0
1653,315,0,0
1654,292,0,0
1655,265,0,0
1656,240,0,0
1657,209,0,0
1658,173,0,0
1659,143,0,0
1660,111,0,0
1661,79,0,0
1662,51,0,0
1663,22,0,0
1664,-2,0,0
1665,-23,0,0
1666,-42,0,0
1667,-55,0,0
1668,-64,0,0
1669,-73,0,0
1670,-75,0,0
1671,-73,0,0
1672,-71,0,0
1673,-61,0,0
1674,-48,0,0
1675,-39,0,0
1676,-25,0,0
1677,-9,0,0
1678,6,0,0
1679,22,0,0
1680,37,0,0
1681,49,0,0
1682,62,0,0
1683,69,0,0
1684,73,0,0
1685,74,0,0
1686,74,0,0
1687,66,0,0
1688,53,0,0
1689,43,0,0
1690,25,0,0
1691,1,0,0
1692,-22,0,0
1693,-49,0,0
1694,-79,0,0
1695,-109,0,0
1696,-143,0,0
1697,-176,0,0
1698,-207,0,0
1699,-236,0,0
1700,-266,0,0
1701,-293,0,0
1702,-314,0,0
1703,-331,0,0
1704,-346,0,0
1705,-354,0,0
1706,-358,0,0
1707,-360,0,0
1708,-351,0,0
1709,-336,0,0
1710,-318,0,0
1711,-294,0,0
1712,-265,0,0
1713,-232,0,0
1714,-194,0,0
1715,-152,0,0
1716,-110,0,0
1717,-65,0,0
1718,-19,0,0
1719,28,0,0
1720,78,0,0
1721,122,0,0
1722,164,0,0
1723,205,0,0
1724,241,0,0
1725,273,0,0
1726,300,0,0
1727,323,0,0
1728,341,0,0
1729,353,0,0
1730,357,0,0
1731,357,0,0
1732,352,0,0
1733,342,0,0
1734,325,0,0
1735,306,0,0
1736,283,0,0
1737,256,0,0
1738,228,0,0
1739,198,0,0
1740,165,0,0
1741,132,0,0
1742,100,0,0
1743,69,0,0
1744,40,0,0
1745,14,0,0
1746,-10,0,0
1747,-31,0,0
1748,-48,0,0
1749,-60,0,0
1750,-68,0,0
1751,-75,0,0
1752,-78,0,0
1753,-73,0,0
1754,-67,0,0
1755,-59,0,0
1756,-47,0,0
1757,-35,0,0
1758,-19,0,0
1759,-2,0,0
1760,13,0,0
1761,28,0,0
1762,41,0,0
1763,54,0,0
1764,63,0,0
1765,70,0,0
1766,75,0,0
1767,74,0,0
1768,72,0,0
1769,65,0,0
1770,51,0,0
1771,36,0,0
1772,16,0,0
1773,-7,0,0
1774,-30,0,0
1775,-62,0,0
1776,-92,0,0
1777,-120,0,0
1778,-156,0,0
1779,-188,0,0
1780,-217,0,0
1781,-247,0,0
1782,-275,0,0
1783,-300,0,0
1784,-321,0,0
1785,-337,0,0
1786,-349,0,0
1787,-359,0,0
1788,-359,0,0
1789,-355,0,0
1790,-348,0,0
1791,-331,0,0
1792,-310,0,0
1793,-285,0,0
1794,-253,0,0
1795,-218,0,0
1796,-179,0,0
1797,-137,0,0
1798,-92,0,0
1799,-45,0,0
1800,0,0,0
1801,48,0,0
1802,93,0,0
1803,136,0,0
1804,181,0,0
1805,219,0,0
1806,253,0,0
1807,285,0,0
1808,311,0,0
1809,331,0,0
1810,346,0,0
1811,355,0,0
1812,360,0,0
1813,359,0,0
1814,350,0,0
1815,336,0,0
1816,319,0,0
1817,300,0,0
1818,275,0,0
1819,247,0,0
1820,216,0,0
1821,185,0,0
1822,152,0,0
1823,120,0,0
1824,88,0,0
1825,58,0,0
1826,31,0,0
1827,4,0,0
1828,-19,0,0
1829,-37,0,0
1830,-53,0,0
1831,-65,0,0
1832,-71,0,0
1833,-75,0,0
1834,-75,0,0
1835,-72,0,0
1836,-64,0,0
1837,-55,0,0
1838,-43,0,0
1839,-28,0,0
1840,-12,0,0
1841,4,0,0
1842,18,0,0
1843,31,0,0
1844,45,0,0
1845,58,0,0
1846,67,0,0
1847,71,0,0
1848,74,0,0
1849,74,0,0
1850,68,0,0
1851,58,0,0
1852,45,0,0
1853,29,0,0
1854,10,0,0
1855,-14,0,0
1856,-42,0,0
1857,-71,0,0
1858,-100,0,0
1859,-133,0,0
1860,-166,0,0
1861,-198,0,0
1862,-230,0,0
1863,-258,0,0
1864,-286,0,0
1865,-311,0,0
1866,-329,0,0
1867,-345,0,0
1868,-356,0,0
1869,-361,0,0
1870,-360,0,0
1871,-351,0,0
1872,-340,0,0
1873,-327,0,0
1874,-303,0,0
1875,-273,0,0
1876,-239,0,0
1877,-204,0,0
1878,-166,0,0
1879,-120,0,0
1880,-76,0,0
1881,-32,0,0
1882,17,0,0
1883,64,0,0
1884,110,0,0
1885,154,0,0
1886,195,0,0
1887,235,0,0
1888,267,0,0
1889,294,0,0
1890,318,0,0
1891,337,0,0
1892,351,0,0
1893,358,0,0
1894,360,0,0
1895,356,0,0
1896,347,0,0
1897,332,0,0
1898,312,0,0
1899,290,0,0
1900,263,0,0
1901,237,0,0
1902,206,0,0
1903,173,0,0
1904,140,0,0
1905,107,0,0
1906,77,0,0
1907,48,0,0
1908,22,0,0
1909,-4,0,0
1910,-27,0,0
1911,-43,0,0
1912,-57,0,0
1913,-68,0,0
1914,-72,0,0
1915,-77,0,0
1916,-75,0,0
1917,-66,0,0
1918,-61,0,0
1919,-51,0,0
1920,-36,0,0
1921,-22,0,0
1922,-7,0,0
1923,9,0,0
1924,23,0,0
1925,36,0,0
1926,49,0,0
1927,62,0,0
1928,69,0,0
1929,73,0,0
1930,75,0,0
1931,72,0,0
1932,68,0,0
1933,56,0,0
1934,41,0,0
1935,23,0,0
1936,1,0,0
1937,-25,0,0
1938,-54,0,0
1939,-83,0,0
1940,-115,0,0
1941,-145,0,0
1942,-178,0,0
1943,-213,0,0
1944,-242,0,0
1945,-269,0,0
1946,-294,0,0
1947,-316,0,0
1948,-334,0,0
1949,-349,0,0
1950,-357,0,0
1951,-360,0,0
1952,-359,0,0
1953,-350,0,0
1954,-335,0,0
1955,-318,0,0
1956,-292,0,0
1957,-262,0,0
1958,-229,0,0
1959,-190,0,0
1960,-148,0,0
1961,-105,0,0
1962,-61,0,0
1963,-13,0,0
1964,34,0,0
1965,80,0,0
1966,127,0,0
1967,169,0,0
1968,209,0,0
1969,246,0,0
1970,278,0,0
1971,304,0,0
1972,325,0,0
1973,342,0,0
1974,353,0,0
1975,359,0,0
1976,359,0,0
1977,353,0,0
1978,341,0,0
1979,325,0,0
1980,305,0,0
1981,280,0,0
1982,253,0,0
1983,225,0,0
1984,194,0,0
1985,160,0,0
1986,128,0,0
1987,98,0,0
1988,66,0,0
1989,36,0,0
1990,10,0,0
1991,-13,0,0
1992,-32,0,0
1993,-47,0,0
1994,-60,0,0
1995,-70,0,0
1996,-75,0,0
1997,-76,0,0
1998,-73,0,0
1999,-67,0,0
2000,-57,0,0
2001,-46,0,0
2002,-33,0,0
2003,-19,0,0
2004,-1,0,0
2005,16,0,0
2006,29,0,0
2007,42,0,0
2008,55,0,0
2009,63,0,0
2010,69,0,0
2011,74,0,0
2012,75,0,0
2013,71,0,0
2014,61,0,0
2015,48,0,0
2016,33,0,0
2017,14,0,0
2018,-8,0,0
2019,-35,0,0
2020,-63,0,0
2021,-94,0,0
2022,-127,0,0
2023,-157,0,0
2024,-189,0,0
2025,-222,0,0
2026,-251,0,0
2027,-277,0,0
2028,-303,0,0
2029,-326,0,0
2030,-339,0,0
2031,-350,0,0
2032,-359,0,0
2033,-360,0,0
2034,-354,0,0
2035,-344,0,0
2036,-330,0,0
2037,-308,0,0
2038,-281,0,0
2039,-250,0,0
2040,-214,0,0
2041,-176,0,0
2042,-133,0,0
2043,-88,0,0
2044,-43,0,0
2045,5,0,0
2046,52,0,0
2047,98,0,0
2048,143,0,0
2049,184,0,0
2050,223,0,0
2051,258,0,0
2052,288,0,0
2053,313,0,0
2054,334,0,0
2055,347,0,0
2056,355,0,0
2057,358,0,0
2058,356,0,0
2059,348,0,0
2060,336,0,0
2061,318,0,0
2062,295,0,0
2063,270,0,0
2064,243,0,0
2065,213,0,0
2066,182,0,0
2067,149,0,0
2068,116,0,0
2069,86,0,0
2070,55,0,0
2071,26,0,0
2072,2,0,0
2073,-19,0,0
2074,-37,0,0
2075,-53,0,0
2076,-65,0,0
2077,-73,0,0
2078,-75,0,0
2079,-72,0,0
2080,-71,0,0
2081,-64,0,0
2082,-52,0,0
2083,-39,0,0
2084,-26,0,0
2085,-12,0,0
2086,3,0,0
2087,20,0,0
2088,34,0,0
2089,47,0,0
2090,58,0,0
2091,66,0,0
2092,72,0,0
2093,74,0,0
2094,72,0,0
2095,67,0,0
2096,58,0,0
2097,44,0,0
2098,26,0,0
2099,7,0,0
2100,-18,0,0
2101,-45,0,0
2102,-74,0,0
2103,-106,0,0
2104,-137,0,0
2105,-169,0,0
2106,-204,0,0
2107,-234,0,0
2108,-261,0,0
2109,-286,0,0
2110,-311,0,0
2111,-331,0,0
2112,-344,0,0
2113,-354,0,0
2114,-359,0,0
2115,-358,0,0
2116,-354,0,0
2117,-343,0,0
2118,-324,0,0
2119,-299,0,0
2120,-271,0,0
2121,-238,0,0
2122,-200,0,0
2123,-161,0,0
2124,-117,0,0
2125,-70,0,0
2126,-23,0,0
2127,23,0,0
2128,70,0,0
2129,115,0,0
2130,158,0,0
2131,199,0,0
2132,236,0,0
2133,269,0,0
2134,297,0,0
2135,321,0,0
2136,340,0,0
2137,351,0,0
2138,356,0,0
2139,359,0,0
2140,356,0,0
2141,342,0,0
2142,329,0,0
2143,310,0,0
2144,285,0,0
2145,261,0,0
2146,233,0,0
2147,202,0,0
2148,169,0,0
2149,137,0,0
2150,106,0,0
2151,73,0,0
2152,45,0,0
2153,18,0,0
2154,-7,0,0
2155,-28,0,0
2156,-46,0,0
2157,-59,0,0
2158,-67,0,0
2159,-73,0,0
2160,-75,0,0
2161,-74,0,0
2162,-70,0,0
2163,-58,0,0
2164,-47,0,0
2165,-36,0,0
2166,-21,0,0
2167,-5,0,0
2168,10,0,0
2169,25,0,0
2170,39,0,0
2171,53,0,0
2172,63,0,0
2173,69,0,0
2174,73,0,0
2175,74,0,0
2176,72,0,0
2177,66,0,0
2178,54,0,0
2179,39,0,0
2180,20,0,0
2181,-1,0,0
2182,-26,0,0
2183,-56,0,0
2184,-86,0,0
2185,-117,0,0
2186,-149,0,0
2187,-182,0,0
2188,-215,0,0
2189,-244,0,0
2190,-270,0,0
2191,-296,0,0
2192,-319,0,0
2193,-334,0,0
2194,-347,0,0
2195,-357,0,0
2196,-359,0,0
2197,-357,0,0
2198,-348,0,0
2199,-333,0,0
2200,-313,0,0
2201,-289,0,0
2202,-258,0,0
2203,-225,0,0
2204,-188,0,0
2205,-145,0,0
2206,-99,0,0
2207,-55,0,0
2208,-6,0,0
2209,42,0,0
2210,87,0,0
2211,131,0,0
2212,171,0,0
2213,211,0,0
2214,248,0,0
2215,280,0,0
2216,306,0,0
2217,327,0,0
2218,345,0,0
2219,355,0,0
2220,358,0,0
2221,358,0,0
2222,352,0,0
2223,340,0,0
2224,326,0,0
2225,303,0,0
2226,275,0,0
2227,252,0,0
2228,221,0,0
2229,187,0,0
2230,158,0,0
2231,127,0,0
2232,95,0,0
2233,65,0,0
2234,35,0,0
2235,8,0,0
2236,-14,0,0
2237,-34,0,0
2238,-52,0,0
2239,-64,0,0
2240,-72,0,0
2241,-76,0,0
2242,-76,0,0
2243,-73,0,0
2244,-64,0,0
2245,-55,0,0
2246,-45,0,0
2247,-29,0,0
2248,-16,0,0
2249,-1,0,0
2250,14,0,0
2251,30,0,0
2252,44,0,0
2253,55,0,0
2254,65,0,0
2255,71,0,0
2256,75,0,0
2257,74,0,0
2258,69,0,0
2259,60,0,0
2260,48,0,0
2261,32,0,0
2262,13,0,0
2263,-10,0,0
2264,-37,0,0
2265,-66,0,0
2266,-97,0,0
2267,-128,0,0
2268,-159,0,0
2269,-192,0,0
2270,-225,0,0
2271,-255,0,0
2272,-281,0,0
2273,-304,0,0
2274,-328,0,0
2275,-343,0,0
2276,-351,0,0
2277,-360,0,0
2278,-361,0,0
2279,-355,0,0
2280,-343,0,0
2281,-327,0,0
2282,-306,0,0
2283,-278,0,0
2284,-247,0,0
2285,-212,0,0
2286,-173,0,0
2287,-130,0,0
2288,-83,0,0
2289,-37,0,0
2290,10,0,0
2291,57,0,0
2292,103,0,0
2293,147,0,0
2294,189,0,0
2295,227,0,0
2296,260,0,0
2297,289,0,0
2298,315,0,0
2299,336,0,0
2300,349,0,0
2301,357,0,0
2302,360,0,0
2303,356,0,0
2304,347,0,0
2305,335,0,0
2306,317,0,0
2307,295,0,0
2308,269,0,0
2309,239,0,0
2310,209,0,0
2311,178,0,0
2312,146,0,0
2313,114,0,0
2314,83,0,0
2315,52,0,0
2316,24,0,0
2317,-1,0,0
2318,-24,0,0
2319,-41,0,0
2320,-54,0,0
2321,-65,0,0
2322,-75,0,0
2323,-75,0,0
2324,-73,0,0
2325,-70,0,0
2326,-61,0,0
2327,-52,0,0
2328,-40,0,0
2329,-26,0,0
2330,-11,0,0
2331,8,0,0
2332,22,0,0
2333,34,0,0
2334,48,0,0
2335,60,0,0
2336,68,0,0
2337,73,0,0
2338,75,0,0
2339,72,0,0
2340,66,0,0
2341,55,0,0
2342,41,0,0
2343,26,0,0
2344,4,0,0
2345,-20,0,0
2346,-46,0,0
2347,-78,0,0
2348,-109,0,0
2349,-139,0,0
2350,-172,0,0
2351,-206,0,0
2352,-236,0,0
2353,-263,0,0
2354,-289,0,0
2355,-313,0,0
2356,-331,0,0
2357,-346,0,0
2358,-357,0,0
2359,-360,0,0
2360,-358,0,0
2361,-352,0,0
2362,-339,0,0
2363,-320,0,0
2364,-296,0,0
2365,-267,0,0
2366,-234,0,0
2367,-198,0,0
2368,-156,0,0
2369,-110,0,0
2370,-65,0,0
2371,-20,0,0
2372,27,0,0
2373,76,0,0
2374,118,0,0
2375,161,0,0
2376,201,0,0
2377,239,0,0
2378,272,0,0
2379,300,0,0
2380,323,0,0
2381,339,0,0
2382,352,0,0
2383,360,0,0
2384,358,0,0
2385,353,0,0
2386,344,0,0
2387,328,0,0
2388,308,0,0
2389,285,0,0
2390,260,0,0
2391,232,0,0
2392,200,0,0
2393,167,0,0
2394,136,0,0
2395,104,0,0
2396,71,0,0
2397,42,0,0
2398,14,0,0
2399,-10,0,0
2400,-29,0,0
2401,-46,0,0
2402,-61,0,0
2403,-69,0,0
2404,-73,0,0
2405,-75,0,0
2406,-74,0,0
2407,-70,0,0
2408,-61,0,0
2409,-47,0,0
2410,-33,0,0
2411,-19,0,0
2412,-3,0,0
2413,12,0,0
2414,26,0,0
2415,41,0,0
2416,52,0,0
2417,63,0,0
2418,71,0,0
2419,73,0,0
2420,72,0,0
2421,69,0,0
2422,63,0,0
2423,51,0,0
2424,36,0,0
2425,20,0,0
2426,-3,0,0
2427,-30,0,0
2428,-61,0,0
2429,-92,0,0
2430,-120,0,0
2431,-152,0,0
2432,-185,0,0
2433,-216,0,0
2434,-246,0,0
2435,-275,0,0
2436,-299,0,0
2437,-321,0,0
2438,-340,0,0
2439,-352,0,0
2440,-358,0,0
2441,-358,0,0
2442,-354,0,0
2443,-347,0,0
2444,-333,0,0
2445,-313,0,0
2446,-287,0,0
2447,-256,0,0
2448,-220,0,0
2449,-182,0,0
2450,-139,0,0
2451,-93,0,0
2452,-48,0,0
2453,-2,0,0
2454,45,0,0
2455,89,0,0
2456,133,0,0
2457,177,0,0
2458,219,0,0
2459,253,0,0
2460,282,0,0
2461,308,0,0
2462,330,0,0
2463,344,0,0
2464,354,0,0
2465,359,0,0
2466,356,0,0
2467,349,0,0
2468,338,0,0
2469,320,0,0
2470,300,0,0
2471,276,0,0
2472,247,0,0
2473,217,0,0
2474,186,0,0
2475,155,0,0
2476,122,0,0
2477,90,0,0
2478,60,0,0
2479,32,0,0
2480,7,0,0
2481,-15,0,0
2482,-36,0,0
2483,-51,0,0
2484,-64,0,0
2485,-72,0,0
2486,-75,0,0
2487,-75,0,0
2488,-71,0,0
2489,-64,0,0
2490,-54,0,0
2491,-42,0,0
2492,-29,0,0
2493,-13,0,0
2494,1,0,0
2495,16,0,0
2496,33,0,0
2497,45,0,0
2498,56,0,0
2499,67,0,0
2500,71,0,0
2501,74,0,0
2502,74,0,0
2503,68,0,0
2504,60,0,0
2505,48,0,0
2506,32,0,0
2507,11,0,0
2508,-14,0,0
2509,-41,0,0
2510,-67,0,0
2511,-99,0,0
2512,-134,0,0
2513,-163,0,0
2514,-196,0,0
2515,-228,0,0
2516,-255,0,0
2517,-282,0,0
2518,-307,0,0
2519,-327,0,0
2520,-341,0,0
2521,-352,0,0
2522,-360,0,0
2523,-360,0,0
2524,-355,0,0
2525,-344,0,0
2526,-326,0,0
2527,-302,0,0
2528,-274,0,0
2529,-244,0,0
2530,-208,0,0
2531,-167,0,0
2532,-125,0,0
2533,-80,0,0
2534,-32,0,0
2535,15,0,0
2536,60,0,0
2537,108,0,0
2538,152,0,0
2539,192,0,0
2540,231,0,0
2541,262,0,0
2542,292,0,0
2543,320,0,0
2544,335,0,0
2545,348,0,0
2546,357,0,0
2547,358,0,0
2548,356,0,0
2549,347,0,0
2550,331,0,0
2551,313,0,0
2552,293,0,0
2553,265,0,0
2554,235,0,0
2555,205,0,0
2556,176,0,0
2557,144,0,0
2558,109,0,0
2559,77,0,0
2560,50,0,0
2561,22,0,0
2562,-5,0,0
2563,-27,0,0
2564,-42,0,0
2565,-55,0,0
2566,-67,0,0
2567,-74,0,0
2568,-76,0,0
2569,-76,0,0
2570,-71,0,0
2571,-61,0,0
2572,-48,0,0
2573,-38,0,0
2574,-25,0,0
2575,-7,0,0
2576,9,0,0
2577,24,0,0
2578,37,0,0
2579,49,0,0
2580,59,0,0
2581,69,0,0
2582,74,0,0
2583,74,0,0
2584,70,0,0
2585,65,0,0
2586,56,0,0
2587,41,0,0
2588,22,0,0
2589,0,0,0
2590,-23,0,0
2591,-52,0,0
2592,-81,0,0
2593,-111,0,0
2594,-144,0,0
2595,-178,0,0
2596,-210,0,0
2597,-238,0,0
2598,-267,0,0
2599,-296,0,0
2600,-316,0,0
2601,-333,0,0
2602,-348,0,0
2603,-359,0,0
2604,-361,0,0
2605,-359,0,0
2606,-352,0,0
2607,-336,0,0
2608,-318,0,0
2609,-294,0,0
2610,-264,0,0
2611,-230,0,0
2612,-193,0,0
2613,-152,0,0
2614,-109,0,0
2615,-63,0,0
2616,-16,0,0
2617,32,0,0
2618,79,0,0
2619,122,0,0
2620,166,0,0
2621,207,0,0
2622,243,0,0
2623,275,0,0
2624,303,0,0
2625,325,0,0
2626,340,0,0
2627,351,0,0
2628,357,0,0
2629,359,0,0
2630,354,0,0
2631,341,0,0
2632,327,0,0
2633,306,0,0
2634,281,0,0
2635,254,0,0
2636,225,0,0
2637,196,0,0
2638,163,0,0
2639,130,0,0
2640,99,0,0
2641,67,0,0
2642,41,0,0
2643,13,0,0
2644,-11,0,0
2645,-32,0,0
2646,-50,0,0
2647,-62,0,0
2648,-73,0,0
2649,-77,0,0
2650,-76,0,0
2651,-74,0,0
2652,-66,0,0
2653,-58,0,0
2654,-47,0,0
2655,-33,0,0
2656,-18,0,0
2657,-3,0,0
2658,11,0,0
2659,29,0,0
2660,45,0,0
2661,53,0,0
2662,63,0,0
2663,71,0,0
2664,75,0,0
2665,75,0,0
2666,70,0,0
2667,63,0,0
2668,51,0,0
2669,37,0,0
2670,18,0,0
2671,-6,0,0
2672,-33,0,0
2673,-61,0,0
2674,-92,0,0
2675,-124,0,0
2676,-155,0,0
2677,-188,0,0
2678,-220,0,0
2679,-248,0,0
2680,-277,0,0
2681,-303,0,0
2682,-324,0,0
2683,-339,0,0
2684,-350,0,0
2685,-358,0,0
2686,-361,0,0
2687,-356,0,0
2688,-345,0,0
2689,-328,0,0
2690,-310,0,0
2691,-285,0,0
2692,-252,0,0
2693,-215,0,0
2694,-176,0,0
2695,-136,0,0
2696,-90,0,0
2697,-42,0,0
2698,3,0,0
2699,50,0,0
2700,96,0,0
2701,139,0,0
2702,179,0,0
2703,220,0,0
2704,256,0,0
2705,285,0,0
2706,311,0,0
2707,333,0,0
2708,346,0,0
2709,355,0,0
2710,360,0,0
2711,357,0,0
2712,347,0,0
2713,335,0,0
2714,320,0,0
2715,297,0,0
2716,271,0,0
2717,245,0,0
2718,215,0,0
2719,183,0,0
2720,151,0,0
2721,119,0,0
2722,87,0,0
2723,57,0,0
2724,29,0,0
2725,4,0,0
2726,-18,0,0
2727,-39,0,0
2728,-55,0,0
2729,-65,0,0
2730,-73,0,0
2731,-76,0,0
2732,-75,0,0
2733,-72,0,0
2734,-64,0,0
2735,-53,0,0
2736,-42,0,0
2737,-29,0,0
2738,-12,0,0
2739,6,0,0
2740,18,0,0
2741,33,0,0
2742,48,0,0
2743,59,0,0
2744,66,0,0
2745,71,0,0
2746,73,0,0
2747,73,0,0
2748,69,0,0
2749,57,0,0
2750,45,0,0
2751,28,0,0
2752,8,0,0
2753,-16,0,0
2754,-44,0,0
2755,-73,0,0
2756,-105,0,0
2757,-135,0,0
2758,-166,0,0
2759,-201,0,0
2760,-231,0,0
2761,-259,0,0
2762,-287,0,0
2763,-309,0,0
2764,-330,0,0
2765,-346,0,0
2766,-353,0,0
2767,-359,0,0
2768,-359,0,0
2769,-351,0,0
2770,-340,0,0
2771,-323,0,0
2772,-302,0,0
2773,-274,0,0
2774,-239,0,0
2775,-203,0,0
2776,-163,0,0
2777,-120,0,0
2778,-74,0,0
2779,-26,0,0
2780,19,0,0
2781,66,0,0
2782,113,0,0
2783,156,0,0
2784,196,0,0
2785,234,0,0
2786,267,0,0
2787,295,0,0
2788,318,0,0
2789,338,0,0
2790,351,0,0
2791,357,0,0
2792,357,0,0
2793,354,0,0
2794,343,0,0
2795,330,0,0
2796,313,0,0
2797,288,0,0
2798,261,0,0
2799,236,0,0
2800,206,0,0
2801,171,0,0
2802,139,0,0
2803,108,0,0
2804,77,0,0
2805,47,0,0
2806,22,0,0
2807,-4,0,0
2808,-28,0,0
2809,-46,0,0
2810,-60,0,0
2811,-67,0,0
2812,-73,0,0
2813,-76,0,0
2814,-73,0,0
2815,-67,0,0
2816,-61,0,0
2817,-52,0,0
2818,-35,0,0
2819,-21,0,0
2820,-7,0,0
2821,9,0,0
2822,24,0,0
2823,38,0,0
2824,51,0,0
2825,62,0,0
2826,69,0,0
2827,75,0,0
2828,77,0,0
2829,74,0,0
2830,66,0,0
2831,54,0,0
2832,40,0,0
2833,21,0,0
2834,-2,0,0
2835,-25,0,0
2836,-54,0,0
2837,-83,0,0
2838,-114,0,0
2839,-148,0,0
2840,-181,0,0
2841,-211,0,0
2842,-242,0,0
2843,-271,0,0
2844,-294,0,0
2845,-316,0,0
2846,-336,0,0
2847,-349,0,0
2848,-357,0,0
2849,-362,0,0
2850,-359,0,0
2851,-349,0,0
2852,-334,0,0
2853,-315,0,0
2854,-291,0,0
2855,-261,0,0
2856,-225,0,0
2857,-189,0,0
2858,-147,0,0
2859,-101,0,0
2860,-59,0,0
2861,-13,0,0
2862,34,0,0
2863,83,0,0
2864,128,0,0
2865,170,0,0
2866,210,0,0
2867,247,0,0
2868,280,0,0
2869,306,0,0
2870,327,0,0
2871,343,0,0
2872,352,0,0
2873,358,0,0
2874,359,0,0
2875,353,0,0
2876,339,0,0
2877,326,0,0
2878,306,0,0
2879,278,0,0
2880,253,0,0
2881,224,0,0
2882,190,0,0
2883,158,0,0
2884,128,0,0
2885,96,0,0
2886,64,0,0
2887,37,0,0
2888,11,0,0
2889,-15,0,0
2890,-35,0,0
2891,-50,0,0
2892,-61,0,0
2893,-69,0,0
2894,-75,0,0
2895,-76,0,0
2896,-73,0,0
2897,-66,0,0
2898,-56,0,0
2899,-47,0,0
2900,-32,0,0
2901,-17,0,0
2902,0,0,0
2903,16,0,0
2904,29,0,0
2905,42,0,0
2906,55,0,0
2907,66,0,0
2908,72,0,0
2909,73,0,0
2910,74,0,0
2911,70,0,0
2912,61,0,0
2913,49,0,0
2914,33,0,0
2915,14,0,0
2916,-9,0,0
2917,-36,0,0
2918,-64,0,0
2919,-93,0,0
2920,-126,0,0
2921,-159,0,0
2922,-190,0,0
2923,-222,0,0
2924,-253,0,0
2925,-279,0,0
2926,-305,0,0
2927,-326,0,0
2928,-341,0,0
2929,-353,0,0
2930,-358,0,0
2931,-358,0,0
2932,-354,0,0
2933,-344,0,0
2934,-327,0,0
2935,-307,0,0
2936,-279,0,0
2937,-247,0,0
2938,-214,0,0
2939,-173,0,0
2940,-130,0,0
2941,-86,0,0
2942,-40,0,0
2943,7,0,0
2944,54,0,0
2945,101,0,0
2946,145,0,0
2947,186,0,0
2948,225,0,0
2949,259,0,0
2950,289,0,0
2951,314,0,0
2952,334,0,0
2953,347,0,0
2954,355,0,0
2955,360,0,0
2956,358,0,0
2957,349,0,0
2958,337,0,0
2959,317,0,0
2960,295,0,0
2961,272,0,0
2962,242,0,0
2963,210,0,0
2964,180,0,0
2965,147,0,0
2966,114,0,0
2967,85,0,0
2968,53,0,0
2969,25,0,0
2970,0,0,0
2971,-23,0,0
2972,-39,0,0
2973,-54,0,0
2974,-67,0,0
2975,-73,0,0
2976,-75,0,0
2977,-74,0,0
2978,-70,0,0
2979,-64,0,0
2980,-53,0,0
2981,-37,0,0
2982,-24,0,0
2983,-12,0,0
2984,5,0,0
2985,22,0,0
2986,35,0,0
2987,46,0,0
2988,60,0,0
2989,68,0,0
2990,69,0,0
2991,74,0,0
2992,73,0,0
2993,68,0,0
2994,58,0,0
2995,46,0,0
2996,27,0,0
2997,4,0,0
2998,-21,0,0
2999,-47,0,0
3000,-75,0,0
3001,-106,0,0
3002,-140,0,0
3003,-172,0,0
3004,-204,0,0
3005,-235,0,0
3006,-262,0,0
3007,-287,0,0
3008,-310,0,0
3009,-330,0,0
3010,-346,0,0
3011,-354,0,0
3012,-358,0,0
3013,-359,0,0
3014,-351,0,0
3015,-339,0,0
3016,-321,0,0
3017,-298,0,0
3018,-269,0,0
3019,-235,0,0
3020,-201,0,0
3021,-160,0,0
3022,-113,0,0
3023,-68,0,0
3024,-23,0,0
3025,25,0,0
3026,71,0,0
3027,115,0,0
3028,160,0,0
3029,199,0,0
3030,237,0,0
3031,272,0,0
3032,299,0,0
3033,321,0,0
3034,340,0,0
3035,353,0,0
3036,359,0,0
3037,359,0,0
3038,354,0,0
3039,342,0,0
3040,327,0,0
3041,307,0,0
3042,285,0,0
3043,260,0,0
3044,231,0,0
3045,202,0,0
3046,171,0,0
3047,137,0,0
3048,101,0,0
3049,71,0,0
3050,45,0,0
3051,18,0,0
3052,-6,0,0
3053,-28,0,0
3054,-45,0,0
3055,-58,0,0
3056,-68,0,0
3057,-73,0,0
3058,-75,0,0
3059,-74,0,0
3060,-68,0,0
3061,-59,0,0
3062,-49,0,0
3063,-36,0,0
3064,-20,0,0
3065,-5,0,0
3066,10,0,0
3067,25,0,0
3068,40,0,0
3069,51,0,0
3070,62,0,0
3071,71,0,0
3072,75,0,0
3073,75,0,0
3074,71,0,0
3075,64,0,0
3076,54,0,0
3077,37,0,0
3078,18,0,0
3079,-4,0,0
3080,-29,0,0
3081,-56,0,0
3082,-87,0,0
3083,-119,0,0
3084,-150,0,0
3085,-183,0,0
3086,-216,0,0
3087,-245,0,0
3088,-272,0,0
3089,-297,0,0
3090,-318,0,0
3091,-336,0,0
3092,-349,0,0
3093,-355,0,0
3094,-359,0,0
3095,-358,0,0
3096,-350,0,0
3097,-336,0,0
3098,-313,0,0
3099,-288,0,0
3100,-257,0,0
3101,-221,0,0
3102,-184,0,0
3103,-144,0,0
3104,-97,0,0
3105,-50,0,0
3106,-5,0,0
3107,42,0,0
3108,88,0,0
3109,132,0,0
3110,176,0,0
3111,215,0,0
3112,250,0,0
3113,282,0,0
3114,308,0,0
3115,328,0,0
3116,343,0,0
3117,355,0,0
3118,359,0,0
3119,359,0,0
3120,352,0,0
3121,338,0,0
3122,322,0,0
3123,302,0,0
3124,278,0,0
3125,251,0,0
3126,221,0,0
3127,187,0,0
3128,156,0,0
3129,126,0,0
3130,92,0,0
3131,62,0,0
3132,36,0,0
3133,8,0,0
3134,-15,0,0
3135,-34,0,0
3136,-50,0,0
3137,-61,0,0
3138,-70,0,0
3139,-76,0,0
3140,-75,0,0
3141,-72,0,0
3142,-65,0,0
3143,-56,0,0
3144,-44,0,0
3145,-27,0,0
3146,-11,0,0
3147,2,0,0
3148,17,0,0
3149,32,0,0
3150,46,0,0
3151,57,0,0
3152,63,0,0
3153,71,0,0
3154,74,0,0
3155,72,0,0
3156,68,0,0
3157,60,0,0
3158,49,0,0
3159,32,0,0
3160,11,0,0
3161,-12,0,0
3162,-38,0,0
3163,-65,0,0
3164,-98,0,0
3165,-131,0,0
3166,-162,0,0
3167,-193,0,0
3168,-225,0,0
3169,-255,0,0
3170,-282,0,0
3171,-306,0,0
3172,-326,0,0
3173,-342,0,0
3174,-354,0,0
3175,-359,0,0
3176,-359,0,0
3177,-354,0,0
3178,-344,0,0
3179,-327,0,0
3180,-303,0,0
3181,-275,0,0
3182,-246,0,0
3183,-210,0,0
3184,-171,0,0
3185,-127,0,0
3186,-81,0,0
3187,-36,0,0
3188,11,0,0
3189,59,0,0
3190,105,0,0
3191,147,0,0
3192,188,0,0
3193,229,0,0
3194,262,0,0
3195,291,0,0
3196,317,0,0
3197,337,0,0
3198,349,0,0
3199,356,0,0
3200,358,0,0
3201,355,0,0
3202,348,0,0
3203,333,0,0
3204,315,0,0
3205,293,0,0
3206,268,0,0
3207,241,0,0
3208,209,0,0
3209,177,0,0
3210,144,0,0
3211,112,0,0
3212,83,0,0
3213,53,0,0
3214,24,0,0
3215,-1,0,0
3216,-22,0,0
3217,-42,0,0
3218,-58,0,0
3219,-66,0,0
3220,-73,0,0
3221,-78,0,0
3222,-75,0,0
3223,-68,0,0
3224,-61,0,0
3225,-52,0,0
3226,-37,0,0
3227,-22,0,0
3228,-8,0,0
3229,8,0,0
3230,21,0,0
3231,35,0,0
3232,51,0,0
3233,61,0,0
3234,69,0,0
3235,74,0,0
3236,74,0,0
3237,71,0,0
3238,66,0,0
3239,56,0,0
3240,41,0,0
3241,23,0,0
3242,4,0,0
3243,-21,0,0
3244,-50,0,0
3245,-79,0,0
3246,-109,0,0
3247,-141,0,0
3248,-174,0,0
3249,-205,0,0
3250,-236,0,0
3251,-266,0,0
3252,-292,0,0
3253,-315,0,0
3254,-334,0,0
3255,-347,0,0
3256,-355,0,0
3257,-362,0,0
3258,-359,0,0
3259,-349,0,0
3260,-338,0,0
3261,-321,0,0
3262,-296,0,0
3263,-267,0,0
3264,-233,0,0
3265,-193,0,0
3266,-152,0,0
3267,-111,0,0
3268,-66,0,0
3269,-17,0,0
3270,31,0,0
3271,73,0,0
3272,120,0,0
3273,165,0,0
3274,204,0,0
3275,241,0,0
3276,274,0,0
3277,302,0,0
3278,322,0,0
3279,339,0,0
3280,354,0,0
3281,358,0,0
3282,357,0,0
3283,352,0,0
3284,343,0,0
3285,328,0,0
3286,305,0,0
3287,283,0,0
3288,258,0,0
3289,229,0,0
3290,198,0,0
3291,166,0,0
3292,132,0,0
3293,100,0,0
3294,70,0,0
3295,41,0,0
3296,14,0,0
3297,-10,0,0
3298,-29,0,0
3299,-47,0,0
3300,-60,0,0
3301,-69,0,0
3302,-75,0,0
3303,-76,0,0
3304,-71,0,0
3305,-66,0,0
3306,-59,0,0
3307,-47,0,0
3308,-34,0,0
3309,-17,0,0
3310,-1,0,0
3311,12,0,0
3312,27,0,0
3313,41,0,0
3314,53,0,0
3315,61,0,0
3316,68,0,0
3317,74,0,0
3318,73,0,0
3319,70,0,0
3320,65,0,0
3321,52,0,0
3322,35,0,0
3323,17,0,0
3324,-6,0,0
3325,-32,0,0
3326,-61,0,0
3327,-92,0,0
3328,-123,0,0
3329,-154,0,0
3330,-184,0,0
3331,-217,0,0
3332,-248,0,0
3333,-276,0,0
3334,-300,0,0
3335,-319,0,0
3336,-338,0,0
3337,-352,0,0
3338,-358,0,0
3339,-361,0,0
3340,-356,0,0
3341,-347,0,0
3342,-332,0,0
3343,-312,0,0
3344,-287,0,0
3345,-254,0,0
3346,-219,0,0
3347,-181,0,0
3348,-138,0,0
3349,-94,0,0
3350,-46,0,0
3351,-2,0,0
3352,44,0,0
3353,93,0,0
3354,137,0,0
3355,177,0,0
3356,218,0,0
3357,253,0,0
3358,283,0,0
3359,311,0,0
3360,330,0,0
3361,345,0,0
3362,356,0,0
3363,358,0,0
3364,357,0,0
3365,351,0,0
3366,336,0,0
3367,317,0,0
3368,299,0,0
3369,275,0,0
3370,246,0,0
3371,216,0,0
3372,186,0,0
3373,155,0,0
3374,120,0,0
3375,89,0,0
3376,58,0,0
3377,28,0,0
3378,6,0,0
3379,-18,0,0
3380,-40,0,0
3381,-53,0,0
3382,-65,0,0
3383,-72,0,0
3384,-74,0,0
3385,-74,0,0
3386,-72,0,0
3387,-65,0,0
3388,-55,0,0
3389,-42,0,0
3390,-29,0,0
3391,-15,0,0
3392,3,0,0
3393,19,0,0
3394,33,0,0
3395,47,0,0
3396,58,0,0
3397,66,0,0
3398,71,0,0
3399,74,0,0
3400,73,0,0
3401,69,0,0
3402,60,0,0
3403,47,0,0
3404,30,0,0
3405,10,0,0
3406,-14,0,0
3407,-39,0,0
3408,-71,0,0
3409,-103,0,0
3410,-133,0,0
3411,-165,0,0
3412,-196,0,0
3413,-228,0,0
3414,-259,0,0
3415,-284,0,0
3416,-307,0,0
3417,-328,0,0
3418,-342,0,0
3419,-353,0,0
3420,-361,0,0
3421,-359,0,0
3422,-352,0,0
3423,-342,0,0
3424,-324,0,0
3425,-301,0,0
3426,-274,0,0
3427,-241,0,0
3428,-204,0,0
3429,-164,0,0
3430,-121,0,0
3431,-77,0,0
3432,-30,0,0
3433,16,0,0
3434,61,0,0
3435,110,0,0
3436,152,0,0
3437,193,0,0
3438,232,0,0
3439,265,0,0
3440,294,0,0
3441,319,0,0
3442,338,0,0
3443,350,0,0
3444,357,0,0
3445,361,0,0
3446,357,0,0
3447,345,0,0
3448,330,0,0
3449,312,0,0
3450,289,0,0
3451,262,0,0
3452,236,0,0
3453,207,0,0
3454,173,0,0
3455,143,0,0
3456,110,0,0
3457,78,0,0
3458,49,0,0
3459,23,0,0
3460,-1,0,0
3461,-24,0,0
3462,-44,0,0
3463,-59,0,0
3464,-68,0,0
3465,-74,0,0
3466,-74,0,0
3467,-73,0,0
3468,-70,0,0
3469,-61,0,0
3470,-50,0,0
3471,-37,0,0
3472,-22,0,0
3473,-6,0,0
3474,9,0,0
3475,24,0,0
3476,36,0,0
3477,49,0,0
3478,61,0,0
3479,68,0,0
3480,74,0,0
3481,76,0,0
3482,73,0,0
3483,65,0,0
3484,54,0,0
3485,42,0,0
3486,21,0,0
3487,0,0,0
3488,-24,0,0
3489,-52,0,0
3490,-81,0,0
3491,-112,0,0
3492,-145,0,0
3493,-177,0,0
3494,-209,0,0
3495,-240,0,0
3496,-268,0,0
3497,-294,0,0
3498,-317,0,0
3499,-335,0,0
3500,-348,0,0
3501,-355,0,0
3502,-360,0,0
3503,-358,0,0
3504,-349,0,0
3505,-335,0,0
3506,-316,0,0
3507,-292,0,0
3508,-264,0,0
3509,-230,0,0
3510,-190,0,0
3511,-148,0,0
3512,-108,0,0
3513,-62,0,0
3514,-14,0,0
3515,35,0,0
3516,79,0,0
3517,123,0,0
3518,169,0,0
3519,210,0,0
3520,246,0,0
3521,276,0,0
3522,304,0,0
3523,327,0,0
3524,342,0,0
3525,353,0,0
3526,358,0,0
3527,359,0,0
3528,353,0,0
3529,341,0,0
3530,326,0,0
3531,307,0,0
3532,284,0,0
3533,256,0,0
3534,224,0,0
3535,194,0,0
3536,162,0,0
3537,131,0,0
3538,99,0,0
3539,66,0,0
3540,37,0,0
3541,12,0,0
3542,-12,0,0
3543,-31,0,0
3544,-48,0,0
3545,-61,0,0
3546,-69,0,0
3547,-74,0,0
3548,-75,0,0
3549,-74,0,0
3550,-68,0,0
3551,-57,0,0
3552,-46,0,0
3553,-32,0,0
3554,-19,0,0
3555,-2,0,0
3556,15,0,0
3557,29,0,0
3558,44,0,0
3559,55,0,0
3560,63,0,0
3561,70,0,0
3562,74,0,0
3563,74,0,0
3564,70,0,0
3565,62,0,0
3566,49,0,0
3567,35,0,0
3568,15,0,0
3569,-9,0,0
3570,-32,0,0
3571,-62,0,0
3572,-93,0,0
3573,-124,0,0
3574,-156,0,0
3575,-190,0,0
3576,-221,0,0
3577,-250,0,0
3578,-278,0,0
3579,-302,0,0
3580,-322,0,0
3581,-341,0,0
3582,-353,0,0
3583,-357,0,0
3584,-359,0,0
3585,-357,0,0
3586,-347,0,0
3587,-330,0,0
3588,-310,0,0
3589,-282,0,0
3590,-251,0,0
3591,-216,0,0
3592,-175,0,0
3593,-134,0,0
3594,-91,0,0
3595,-44,0,0
3596,4,0,0
3597,51,0,0
3598,98,0,0
3599,141,0,0
3600,181,0,0
3601,222,0,0
3602,258,0,0
3603,286,0,0
3604,311,0,0
3605,332,0,0
3606,345,0,0
3607,353,0,0
3608,359,0,0
3609,357,0,0
3610,349,0,0
3611,336,0,0
3612,318,0,0
3613,297,0,0
3614,271,0,0
3615,242,0,0
3616,213,0,0
3617,181,0,0
3618,151,0,0
3619,118,0,0
3620,86,0,0
3621,56,0,0
3622,27,0,0
3623,2,0,0
3624,-19,0,0
3625,-36,0,0
3626,-53,0,0
3627,-66,0,0
3628,-71,0,0
3629,-74,0,0
3630,-73,0,0
3631,-70,0,0
3632,-65,0,0
3633,-53,0,0
3634,-41,0,0
3635,-29,0,0
3636,-13,0,0
3637,5,0,0
3638,21,0,0
3639,32,0,0
3640,45,0,0
3641,58,0,0
3642,67,0,0
3643,74,0,0
3644,76,0,0
3645,72,0,0
3646,67,0,0
3647,59,0,0
3648,44,0,0
3649,27,0,0
3650,8,0,0
3651,-17,0,0
3652,-44,0,0
3653,-73,0,0
3654,-103,0,0
3655,-137,0,0
3656,-171,0,0
3657,-202,0,0
3658,-231,0,0
3659,-261,0,0
3660,-287,0,0
3661,-309,0,0
3662,-328,0,0
3663,-345,0,0
3664,-355,0,0
3665,-358,0,0
3666,-358,0,0
3667,-351,0,0
3668,-342,0,0
3669,-324,0,0
3670,-298,0,0
3671,-271,0,0
3672,-241,0,0
3673,-203,0,0
3674,-160,0,0
3675,-117,0,0
3676,-73,0,0
3677,-27,0,0
3678,21,0,0
3679,68,0,0
3680,113,0,0
3681,158,0,0
3682,198,0,0
3683,234,0,0
3684,269,0,0
3685,296,0,0
3686,318,0,0
3687,338,0,0
3688,351,0,0
3689,357,0,0
3690,359,0,0
3691,355,0,0
3692,345,0,0
3693,329,0,0
3694,310,0,0
3695,287,0,0
3696,262,0,0
3697,232,0,0
3698,201,0,0
3699,168,0,0
3700,137,0,0
3701,107,0,0
3702,74,0,0
3703,45,0,0
3704,20,0,0
3705,-6,0,0
3706,-28,0,0
3707,-44,0,0
3708,-58,0,0
3709,-68,0,0
3710,-74,0,0
3711,-77,0,0
3712,-77,0,0
3713,-71,0,0
3714,-60,0,0
3715,-48,0,0
3716,-37,0,0
3717,-19,0,0
3718,-3,0,0
3719,9,0,0
3720,22,0,0
3721,37,0,0
3722,53,0,0
3723,63,0,0
3724,69,0,0
3725,74,0,0
3726,74,0,0
3727,69,0,0
3728,64,0,0
3729,54,0,0
3730,40,0,0
3731,20,0,0
3732,-2,0,0
3733,-28,0,0
3734,-56,0,0
3735,-85,0,0
3736,-117,0,0
3737,-149,0,0
3738,-183,0,0
3739,-214,0,0
3740,-243,0,0
3741,-270,0,0
3742,-297,0,0
3743,-319,0,0
3744,-335,0,0
3745,-348,0,0
3746,-357,0,0
3747,-360,0,0
3748,-357,0,0
3749,-350,0,0
3750,-336,0,0
3751,-315,0,0
3752,-290,0,0
3753,-261,0,0
3754,-226,0,0
3755,-186,0,0
3756,-147,0,0
3757,-101,0,0
3758,-53,0,0
3759,-8,0,0
3760,39,0,0
3761,87,0,0
3762,131,0,0
3763,172,0,0
3764,212,0,0
3765,247,0,0
3766,278,0,0
3767,306,0,0
3768,328,0,0
3769,343,0,0
3770,351,0,0
3771,358,0,0
3772,357,0,0
3773,351,0,0
3774,339,0,0
3775,323,0,0
3776,305,0,0
3777,280,0,0
3778,251,0,0
3779,220,0,0
3780,191,0,0
3781,157,0,0
3782,124,0,0
3783,96,0,0
3784,65,0,0
3785,33,0,0
3786,9,0,0
3787,-12,0,0
3788,-32,0,0
3789,-48,0,0
3790,-61,0,0
3791,-70,0,0
3792,-74,0,0
3793,-75,0,0
3794,-73,0,0
3795,-66,0,0
3796,-57,0,0
3797,-44,0,0
3798,-30,0,0
3799,-16,0,0
3800,0,0,0
3801,14,0,0
3802,31,0,0
3803,44,0,0
3804,54,0,0
3805,65,0,0
3806,71,0,0
3807,75,0,0
3808,75,0,0
3809,70,0,0
3810,60,0,0
3811,48,0,0
3812,32,0,0
3813,12,0,0
3814,-11,0,0
3815,-36,0,0
3816,-64,0,0
3817,-97,0,0
3818,-128,0,0
3819,-162,0,0
3820,-194,0,0
3821,-224,0,0
3822,-253,0,0
3823,-280,0,0
3824,-306,0,0
3825,-325,0,0
3826,-341,0,0
3827,-354,0,0
3828,-358,0,0
3829,-359,0,0
3830,-355,0,0
3831,-343,0,0
3832,-328,0,0
3833,-306,0,0
3834,-278,0,0
3835,-247,0,0
3836,-211,0,0
3837,-170,0,0
3838,-128,0,0
3839,-85,0,0
3840,-39,0,0
3841,9,0,0
3842,57,0,0
3843,102,0,0
3844,144,0,0
3845,187,0,0
3846,225,0,0
3847,260,0,0
3848,290,0,0
3849,314,0,0
3850,335,0,0
3851,348,0,0
3852,355,0,0
3853,358,0,0
3854,356,0,0
3855,349,0,0
3856,334,0,0
3857,314,0,0
3858,292,0,0
3859,268,0,0
3860,239,0,0
3861,209,0,0
3862,178,0,0
3863,146,0,0
3864,114,0,0
3865,82,0,0
3866,52,0,0
3867,25,0,0
3868,1,0,0
3869,-22,0,0
3870,-41,0,0
3871,-57,0,0
3872,-66,0,0
3873,-72,0,0
3874,-76,0,0
3875,-75,0,0
3876,-68,0,0
3877,-61,0,0
3878,-49,0,0
3879,-38,0,0
3880,-25,0,0
3881,-8,0,0
3882,6,0,0
3883,22,0,0
3884,35,0,0
3885,48,0,0
3886,60,0,0
3887,66,0,0
3888,72,0,0
3889,75,0,0
3890,73,0,0
3891,67,0,0
3892,58,0,0
3893,46,0,0
3894,29,0,0
3895,4,0,0
3896,-22,0,0
3897,-46,0,0
3898,-75,0,0
3899,-107,0,0
3900,-139,0,0
3901,-173,0,0
3902,-205,0,0
3903,-235,0,0
3904,-264,0,0
3905,-289,0,0
3906,-312,0,0
3907,-333,0,0
3908,-349,0,0
3909,-356,0,0
3910,-360,0,0
3911,-360,0,0
3912,-352,0,0
3913,-338,0,0
3914,-320,0,0
3915,-298,0,0
3916,-270,0,0
3917,-236,0,0
3918,-199,0,0
3919,-156,0,0
3920,-113,0,0
3921,-67,0,0
3922,-18,0,0
3923,28,0,0
3924,73,0,0
3925,117,0,0
3926,161,0,0
3927,203,0,0
3928,240,0,0
3929,272,0,0
3930,298,0,0
3931,322,0,0
3932,341,0,0
3933,351,0,0
3934,359,0,0
3935,360,0,0
3936,353,0,0
3937,341,0,0
3938,328,0,0
3939,307,0,0
3940,284,0,0
3941,260,0,0
3942,230,0,0
3943,200,0,0
3944,167,0,0
3945,133,0,0
3946,103,0,0
3947,72,0,0
3948,42,0,0
3949,16,0,0
3950,-9,0,0
3951,-29,0,0
3952,-45,0,0
3953,-59,0,0
3954,-68,0,0
3955,-72,0,0
3956,-77,0,0
3957,-74,0,0
3958,-66,0,0
3959,-58,0,0
3960,-47,0,0
3961,-34,0,0
3962,-19,0,0
3963,-5,0,0
3964,12,0,0
3965,28,0,0
3966,39,0,0
3967,51,0,0
3968,62,0,0
3969,70,0,0
3970,75,0,0
3971,75,0,0
3972,70,0,0
3973,63,0,0
3974,53,0,0
3975,37,0,0
3976,20,0,0
3977,-3,0,0
3978,-29,0,0
3979,-55,0,0
3980,-87,0,0
3981,-119,0,0
3982,-151,0,0
3983,-184,0,0
3984,-216,0,0
3985,-247,0,0
3986,-274,0,0
3987,-298,0,0
3988,-320,0,0
3989,-336,0,0
3990,-349,0,0
3991,-359,0,0
3992,-362,0,0
3993,-356,0,0
3994,-349,0,0
3995,-335,0,0
3996,-312,0,0
3997,-286,0,0
3998,-256,0,0
3999,-221,0,0
4000,-183,0,0
4001,-142,0,0
4002,-98,0,0
4003,-51,0,0
4004,-3,0,0
4005,43,0,0
4006,91,0,0
4007,135,0,0
4008,175,0,0
4009,217,0,0
4010,251,0,0
4011,282,0,0
4012,309,0,0
4013,331,0,0
4014,346,0,0
4015,355,0,0
4016,360,0,0
4017,356,0,0
4018,350,0,0
4019,341,0,0
4020,325,0,0
4021,300,0,0
4022,276,0,0
4023,248,0,0
4024,218,0,0
4025,188,0,0
4026,157,0,0
4027,123,0,0
4028,92,0,0
4029,63,0,0
4030,32,0,0
4031,5,0,0
4032,-17,0,0
4033,-37,0,0
4034,-52,0,0
4035,-63,0,0
4036,-69,0,0
4037,-72,0,0
4038,-74,0,0
4039,-72,0,0
4040,-67,0,0
4041,-54,0,0
4042,-42,0,0
4043,-31,0,0
4044,-16,0,0
4045,2,0,0
4046,18,0,0
4047,32,0,0
4048,48,0,0
4049,57,0,0
4050,65,0,0
4051,73,0,0
4052,74,0,0
4053,74,0,0
4054,68,0,0
4055,59,0,0
4056,47,0,0
4057,31,0,0
4058,10,0,0
4059,-14,0,0
4060,-42,0,0
4061,-71,0,0
4062,-100,0,0
4063,-132,0,0
4064,-164,0,0
4065,-195,0,0
4066,-227,0,0
4067,-258,0,0
4068,-285,0,0
4069,-307,0,0
4070,-326,0,0
4071,-343,0,0
4072,-354,0,0
4073,-359,0,0
4074,-359,0,0
4075,-354,0,0
4076,-343,0,0
4077,-326,0,0
4078,-304,0,0
4079,-276,0,0
4080,-243,0,0
4081,-209,0,0
4082,-169,0,0
4083,-124,0,0
4084,-80,0,0
4085,-32,0,0
4086,15,0,0
4087,58,0,0
4088,105,0,0
4089,150,0,0
4090,190,0,0
4091,228,0,0
4092,264,0,0
4093,294,0,0
4094,319,0,0
4095,336,0,1
